title,console,genre,publisher,metacritic_review_count,metacritic_review_score,user_review_count,user_review_score,total_sales,release_year,publisher_rank,platform_release_count,total_sales_per_title
Grand Theft Auto V,PS3,Action,Rockstar Games,66,9.7,12182,8.5,20320000,2013,7,4,64290000
Grand Theft Auto V,PS4,Action,Rockstar Games,66,9.7,12182,8.5,19390000,2014,7,4,64290000
Grand Theft Auto: Vice City,PS2,Action,Rockstar Games,62,9.5,2278,8.7,16149999,2002,7,2,16189999
Grand Theft Auto V,X360,Action,Rockstar Games,66,9.7,12182,8.5,15860000,2013,7,4,64290000
Red Dead Redemption 2,PS4,Action-Adventure,Rockstar Games,109,9.7,28071,8.9,13940000,2018,7,2,19710000
Grand Theft Auto III,PS2,Action,Rockstar Games,56,9.7,1673,8.1,13100000,2001,7,2,13110000
Grand Theft Auto IV,X360,Action,Rockstar Games,86,9.8,4462,8.3,11090000,2008,7,3,22530000
Grand Theft Auto IV,PS3,Action,Rockstar Games,86,9.8,4462,8.3,10570000,2008,7,3,22530000
Grand Theft Auto V,XOne,Action,Rockstar Games,66,9.7,12182,8.5,8720000,2014,7,4,64290000
Grand Theft Auto: Liberty City Stories,PSP,Action,Rockstar Games,65,8.8,406,8.0,7720000,2005,7,2,11260000
Uncharted 2: Among Thieves,PS3,Action,Sony Computer Entertainment,105,9.6,7216,8.8,6740000,2009,6,1,6740000
Red Dead Redemption,PS3,Action,Rockstar Games,96,9.5,3713,8.9,6570000,2011,7,2,13070000
Red Dead Redemption,X360,Action,Rockstar Games,96,9.5,3713,8.9,6500000,2010,7,2,13070000
Assassin's Creed III,PS3,Action-Adventure,Ubisoft,61,8.4,1940,7.0,6500000,2012,4,4,13060000
Red Dead Redemption 2,XOne,Action-Adventure,Rockstar Games,109,9.7,28071,8.9,5770000,2018,7,2,19710000
LEGO Star Wars: The Complete Saga,Wii,Action,LucasArts,24,8.0,388,8.5,5660000,2007,12,4,15330000
Assassin's Creed II,PS3,Action,Ubisoft,82,9.0,2668,8.8,5570000,2009,4,3,11410000
Assassin's Creed,X360,Action,Ubisoft,77,8.1,1559,7.3,5550000,2007,4,3,11290000
Batman: Arkham City,PS3,Action,Warner Bros. Interactive,87,9.4,3093,8.8,5540000,2011,22,2,10290000
Assassin's Creed III,X360,Action-Adventure,Ubisoft,61,8.4,1940,7.0,5310000,2012,4,4,13060000
Assassin's Creed II,X360,Action,Ubisoft,82,9.0,2668,8.8,5300000,2009,4,3,11410000
Resident Evil 5,PS3,Action,Capcom,91,8.3,895,7.3,5100000,2009,11,4,8740000
Grand Theft Auto: Vice City Stories,PSP,Action,Rockstar Games,50,8.6,381,8.2,5080000,2006,7,2,6050000
Uncharted: Drake's Fortune,PS3,Action,Sony Computer Entertainment,66,8.8,4074,7.7,4970000,2007,6,1,4970000
Assassin's Creed,PS3,Action,Ubisoft,77,8.1,1559,7.3,4830000,2007,4,3,11290000
LEGO Star Wars: The Complete Saga,DS,Action,LucasArts,24,8.0,388,8.5,4770000,2007,12,4,15330000
Batman: Arkham City,X360,Action,Warner Bros. Interactive,87,9.4,3093,8.8,4750000,2011,22,2,10290000
The Lord of the Rings: The Two Towers,PS2,Action,Electronic Arts,32,8.2,133,7.9,4670000,2002,2,4,6650000
Spider-Man: The Movie,PS2,Action,Activision,29,7.9,33,7.4,4480000,2002,1,3,7070000
Watch Dogs,PS4,Action-Adventure,Ubisoft,80,8.0,4140,6.7,4320000,2014,4,6,9700000
Batman: Arkham Asylum,PS3,Action,Eidos Interactive,78,9.2,2154,8.6,4280000,2009,21,2,7820000
Assassin's Creed: Revelations,PS3,Action,Ubisoft,77,8.0,1164,7.5,4230000,2011,4,3,9210000
Assassin's Creed: Revelations,X360,Action,Ubisoft,77,8.0,1164,7.5,4220000,2011,4,3,9210000
Batman: Arkham Knight,PS4,Action,Warner Bros. Interactive,90,8.7,5813,8.1,4110000,2015,22,2,5690000
Assassin's Creed Origins,PS4,Action,Ubisoft,70,8.1,4117,7.3,4059999,2017,4,2,6529999
Far Cry 5,PS4,Action,Ubisoft,90,8.1,2975,6.9,3950000,2018,4,3,5800000
Assassin's Creed IV: Black Flag,PS3,Action-Adventure,Ubisoft,36,8.8,2065,8.3,3940000,2013,4,6,13710000
Assassin's Creed Syndicate,PS4,Action,Ubisoft,88,7.6,2665,6.9,3600000,2015,4,3,5300000
The Getaway,PS2,Action,Sony Computer Entertainment,49,7.2,73,7.4,3540000,2003,6,1,3540000
Grand Theft Auto: Liberty City Stories,PS2,Action,Rockstar Games,65,8.8,406,8.0,3540000,2006,7,2,11260000
Batman: Arkham Asylum,X360,Action,Eidos Interactive,78,9.2,2154,8.6,3540000,2009,21,2,7820000
Resident Evil 5,X360,Action,Capcom,91,8.3,895,7.3,3530000,2009,11,4,8740000
Assassin's Creed: Brotherhood,X360,Action,Ubisoft,81,8.9,1541,8.4,3530000,2010,4,3,6970000
LEGO Batman: The Videogame,X360,Adventure,Warner Bros. Interactive,49,7.6,275,8.1,3440000,2008,22,7,13550000
Spider-Man 2,PS2,Action,Activision,60,8.3,95,7.8,3410000,2004,1,5,6570000
Watch Dogs 2,PS4,Action,Ubisoft,99,8.2,2284,7.6,3360000,2016,4,3,4710000
Assassin's Creed IV: Black Flag,X360,Action-Adventure,Ubisoft,36,8.8,2065,8.3,3340000,2013,4,6,13710000
Star Wars Episode III: Revenge of the Sith,PS2,Action,LucasArts,44,6.1,48,7.8,3320000,2005,12,4,5590000
The Lord of the Rings: The Return of the King,PS2,Action,Electronic Arts,31,8.5,224,8.5,3280000,2003,2,3,5110000
True Crime: Streets of LA,PS2,Action,Activision,39,7.7,23,7.5,3270000,2003,1,4,5210000
L.A. Noire,PS3,Adventure,Rockstar Games,83,8.9,1207,8.0,3210000,2011,7,5,7240000
Assassin's Creed IV: Black Flag,PS4,Action-Adventure,Ubisoft,36,8.8,2065,8.3,3190000,2013,4,6,13710000
Enter the Matrix,PS2,Action,Atari,33,6.5,20,8.0,3180000,2003,16,4,4830000
Assassin's Creed Odyssey,PS4,Action-Adventure,Ubisoft,95,8.3,4706,6.8,3180000,2018,4,3,4630000
Resident Evil 6,PS3,Action,Capcom,71,6.7,1842,5.3,3120000,2012,11,2,5090000
LEGO Batman: The Videogame,Wii,Adventure,Warner Bros. Interactive,49,7.6,275,8.1,3080000,2008,22,7,13550000
Saints Row 2,X360,Action,THQ,75,8.1,356,8.3,3070000,2008,5,3,4790000
LEGO Batman: The Videogame,DS,Adventure,Warner Bros. Interactive,49,7.6,275,8.1,3060000,2008,22,7,13550000
Metal Gear Solid V: The Phantom Pain,PS4,Action,Konami Digital Entertainment,88,9.3,6528,8.1,3040000,2015,33,3,4030000
Tom Clancy's Splinter Cell,XB,Action,Ubisoft,46,9.3,196,8.5,3020000,2002,4,3,5900000
Hitman 2: Silent Assassin,PS2,Action,Eidos Interactive,23,8.4,76,7.9,2960000,2002,21,4,4280000
Mafia III,PS4,Action-Adventure,2K Games,70,6.8,2177,5.4,2870000,2016,24,2,3980000
Assassin's Creed: Brotherhood,PS3,Action,Ubisoft,81,8.9,1541,8.4,2850000,2010,4,3,6970000
Skylanders: Spyro's Adventure,Wii,Action,Activision,35,7.8,98,6.4,2790000,2011,1,5,5380000
Star Wars: The Force Unleashed,X360,Action,LucasArts,74,7.3,396,7.1,2770000,2008,12,6,10070000
Saints Row: The Third,X360,Action,THQ,70,8.4,711,7.6,2770000,2011,5,3,5630000
L.A. Noire,X360,Adventure,Rockstar Games,83,8.9,1207,8.0,2730000,2011,7,5,7240000
Tom Clancy's Splinter Cell,PS2,Action,Ubisoft,46,9.3,196,8.5,2650000,2003,4,3,5900000
Harry Potter and the Chamber of Secrets,PS2,Adventure,Electronic Arts,16,7.1,128,7.7,2610000,2002,2,6,7640000
LEGO Star Wars: The Complete Saga,X360,Action,LucasArts,24,8.0,388,8.5,2590000,2007,12,4,15330000
Saints Row: The Third,PS3,Action,THQ,70,8.4,711,7.6,2480000,2011,5,3,5630000
Assassin's Creed Origins,XOne,Action,Ubisoft,70,8.1,4117,7.3,2470000,2017,4,2,6529999
LEGO Harry Potter: Years 1-4,Wii,Adventure,Warner Bros. Interactive,58,7.9,154,7.4,2450000,2010,22,6,8460000
Dying Light,PS4,Action,Warner Bros. Interactive,58,7.4,2337,8.0,2450000,2015,22,2,3920000
Kinect: Disneyland Adventures,X360,Action-Adventure,Microsoft Studios,33,7.3,56,4.1,2410000,2011,28,1,2410000
Batman: Arkham Origins,PS3,Action-Adventure,Warner Bros. Interactive Entertainment,46,7.4,1113,7.6,2400000,2013,14,3,4620000
Dead Island,X360,Action,Deep Silver,75,7.1,770,6.9,2380000,2011,43,2,4670000
Assassin's Creed IV: Black Flag,XOne,Action,Ubisoft,36,8.8,2065,8.3,2320000,2013,4,6,13710000
LEGO Star Wars: The Complete Saga,PS3,Action,LucasArts,24,8.0,388,8.5,2310000,2007,12,4,15330000
Dead Island,PS3,Action,Deep Silver,75,7.1,770,6.9,2290000,2011,43,2,4670000
LEGO Harry Potter: Years 1-4,DS,Adventure,Warner Bros. Interactive,58,7.9,154,7.4,2290000,2010,22,6,8460000
No Man's Sky,PS4,Action-Adventure,Hello Games,100,7.1,5261,5.5,2260000,2016,142,2,2490000
Prince of Persia: The Sands of Time,PS2,Adventure,Ubisoft,44,9.2,559,8.6,2220000,2003,4,5,3630000
Star Wars: The Force Unleashed,PS3,Action,LucasArts,74,7.3,396,7.1,2220000,2008,12,6,10070000
Metal Gear Solid: Peace Walker,PSP,Action,Konami,66,8.9,678,8.5,2080000,2010,8,1,2080000
Rise of the Tomb Raider,PS4,Adventure,Square Enix,103,8.6,1885,8.1,2069999,2016,18,2,2439999
Hitman: Absolution,PS3,Action,Square Enix,51,7.9,670,7.3,2060000,2012,18,2,3760000
Tom Clancy's Splinter Cell: Conviction,X360,Action,Ubisoft,90,8.5,410,7.6,2060000,2010,4,2,2160000
Peter Jackson's King Kong: The Official Game of the Movie,PS2,Action,Ubisoft,57,8.0,94,7.8,2040000,2005,4,6,3390000
Harry Potter and the Chamber of Secrets,GBA,Adventure,Electronic Arts,16,7.1,128,7.7,1990000,2002,2,6,7640000
Harry Potter and the Chamber of Secrets,PS,Adventure,Electronic Arts,16,7.1,128,7.7,1980000,2002,2,6,7640000
Just Cause 3,PS4,Action-Adventure,Square Enix,53,7.4,1064,6.1,1980000,2015,18,3,3150000
Dishonored 2,PS4,Action,Bethesda Softworks,67,8.8,1828,8.0,1970000,2016,13,3,3090000
Resident Evil 6,X360,Action,Capcom,71,6.7,1842,5.3,1970000,2012,11,2,5090000
Grand Theft Auto: San Andreas,XB,Action,Rockstar Games,80,9.5,4488,9.2,1950000,2005,7,3,3050000
Batman: Arkham Origins,X360,Action-Adventure,Warner Bros. Interactive Entertainment,46,7.4,1113,7.6,1900000,2013,14,3,4620000
The Evil Within,PS4,Action,Bethesda Softworks,65,7.5,2342,7.8,1860000,2014,13,1,1860000
Star Wars: The Force Unleashed,Wii,Action,LucasArts,74,7.3,396,7.1,1860000,2008,12,6,10070000
Watch Dogs,PS3,Action-Adventure,Ubisoft,80,8.0,4140,6.7,1830000,2014,4,6,9700000
LEGO Star Wars III: The Clone Wars,Wii,Action,LucasArts,43,7.5,141,7.8,1790000,2011,12,7,7330000
The Getaway: Black Monday,PS2,Action,Sony Computer Entertainment,53,5.7,40,8.0,1780000,2005,6,1,1780000
Far Cry 5,XOne,Action,Ubisoft,90,8.1,2975,6.9,1780000,2018,4,3,5800000
50 Cent: Bulletproof,PS2,Action,Vivendi Games,25,5.2,12,4.1,1770000,2005,54,3,2300000
State of Emergency,PS2,Action,Rockstar Games,34,7.1,25,6.6,1760000,2002,7,2,1930000
Just Cause 2,PS3,Action,Square Enix,74,8.1,318,7.8,1750000,2010,18,2,3350000
For Honor,PS4,Action,Ubisoft,62,7.8,1260,6.0,1750000,2017,4,3,2660000
Shadow of the Tomb Raider,PS4,Action-Adventure,Square Enix,70,7.5,2012,7.3,1740000,2018,18,2,2520000
Harry Potter and the Sorcerer's Stone,GB,Action,Electronic Arts,14,5.6,70,6.5,1730000,2001,2,6,3910000
Hitman: Absolution,X360,Action,Square Enix,51,7.9,670,7.3,1700000,2012,18,2,3760000
Harry Potter and the Sorcerer's Stone,GBA,Action,Electronic Arts,14,5.6,70,6.5,1690000,2001,2,6,3910000
LEGO Batman 2: DC Super Heroes,X360,Action-Adventure,Warner Bros. Interactive Entertainment,59,7.9,296,7.7,1690000,2012,14,8,6410000
Saints Row IV,X360,Action,Deep Silver,45,8.6,2119,7.4,1690000,2013,43,3,3210000
Saints Row 2,PS3,Action,THQ,75,8.1,356,8.3,1680000,2008,5,3,4790000
Star Wars The Clone Wars: Lightsaber Duels,Wii,Action,LucasArts,24,5.6,25,6.6,1650000,2008,12,1,1650000
Prince of Persia: Warrior Within,PS2,Adventure,Ubisoft,55,8.3,113,8.5,1640000,2004,4,4,2640000
Watch Dogs,XOne,Action-Adventure,Ubisoft,80,8.0,4140,6.7,1640000,2014,4,6,9700000
Uncharted: Golden Abyss,PSV,Action,Sony Computer Entertainment,80,8.0,966,7.5,1620000,2012,6,1,1620000
Just Cause 2,X360,Action,Square Enix,74,8.1,318,7.8,1600000,2010,18,2,3350000
LEGO Harry Potter: Years 1-4,X360,Adventure,Warner Bros. Interactive,58,7.9,154,7.4,1590000,2010,22,6,8460000
Batman: Arkham Knight,XOne,Action,Warner Bros. Interactive Entertainment,90,8.7,5813,8.1,1580000,2015,14,2,5690000
Devil May Cry 4,PS3,Action,Capcom,63,8.4,548,8.2,1580000,2008,11,2,2920000
LEGO Pirates of the Caribbean: The Video Game,Wii,Action,Disney Interactive Studios,54,7.3,106,7.3,1570000,2011,15,7,5510000
Mafia II,X360,Action,2K Games,79,7.4,1056,8.2,1560000,2010,24,2,3050000
Spider-Man 2: Enter: Electro,PS,Action,Activision,15,7.4,112,8.2,1550000,2001,1,1,1550000
Star Wars: The Force Unleashed II,PS3,Action,LucasArts,59,6.1,318,6.1,1510000,2010,12,5,3980000
Pac-Man World 2,PS2,Action,Namco,19,7.3,45,7.3,1510000,2002,19,1,1510000
Tomb Raider: Definitive Edition,PS4,Action-Adventure,Square Enix,54,8.5,2139,8.1,1510000,2014,18,2,2170000
Metal Gear Rising: Revengeance,PS3,Action,Konami Digital Entertainment,61,8.0,1206,8.3,1500000,2013,33,2,2000000
Dead Rising 2,X360,Action,Capcom,76,7.9,301,7.1,1490000,2010,11,4,2970000
Mafia II,PS3,Action,2K Games,79,7.4,1056,8.2,1490000,2010,24,2,3050000
Assassin's Creed III: Liberation,PSV,Adventure,Ubisoft,71,7.0,456,6.7,1480000,2012,4,1,1480000
LEGO Star Wars III: The Clone Wars,X360,Action,LucasArts,43,7.5,141,7.8,1480000,2011,12,7,7330000
Tom Clancy's Splinter Cell: Pandora Tomorrow,XB,Action,Ubisoft,74,9.3,128,8.2,1480000,2004,4,5,2870000
Dying Light,XOne,Action,Warner Bros. Interactive Entertainment,58,7.4,2337,8.0,1470000,2016,14,2,3920000
The SpongeBob SquarePants Movie,GBA,Action,THQ,14,7.4,22,7.7,1460000,2004,5,1,1460000
Star Wars: The Force Unleashed II,X360,Action,LucasArts,59,6.1,318,6.1,1440000,2010,12,5,3980000
Assassin's Creed Syndicate,XOne,Action,Ubisoft,88,7.6,2665,6.9,1440000,2015,4,3,5300000
LEGO Batman 2: DC Super Heroes,Wii,Action-Adventure,Warner Bros. Interactive Entertainment,59,7.9,296,7.7,1420000,2012,14,8,6410000
Spider-Man: The Movie,XB,Action,Activision,29,7.9,33,7.4,1400000,2002,1,3,7070000
Assassin's Creed Odyssey,XOne,Action-Adventure,Ubisoft,95,8.3,4706,6.8,1390000,2018,4,3,4630000
True Crime: Streets of LA,XB,Action,Activision,39,7.7,23,7.5,1380000,2003,1,4,5210000
Dead Rising 2,PS3,Action,Capcom,76,7.9,301,7.1,1370000,2010,11,4,2970000
LEGO Harry Potter: Years 1-4,PS3,Adventure,Warner Bros. Interactive,58,7.9,154,7.4,1370000,2010,22,6,8460000
Metroid: Other M,Wii,Action,Nintendo,71,7.9,685,6.6,1360000,2010,10,1,1360000
Watch Dogs 2,XOne,Action,Ubisoft,99,8.2,2284,7.6,1350000,2016,4,3,4710000
The ICO & Shadow of the Colossus Collection,PS3,Adventure,Sony Computer Entertainment,58,9.2,747,8.7,1340000,2011,6,1,1340000
Devil May Cry 4,X360,Action,Capcom,63,8.4,548,8.2,1340000,2008,11,2,2920000
Saints Row IV,PS3,Action,Deep Silver,45,8.6,2119,7.4,1330000,2013,43,3,3210000
Alan Wake,X360,Action,Microsoft Game Studios,100,8.3,1332,8.2,1330000,2010,25,1,1330000
Grand Theft Auto: Chinatown Wars,DS,Adventure,Rockstar Games,85,9.3,341,7.6,1330000,2009,7,2,2410000
The LEGO Movie Videogame,X360,Action-Adventure,Warner Bros. Interactive Entertainment,31,7.1,177,7.0,1320000,2014,14,7,5350000
LEGO Batman: The Videogame,PS3,Adventure,Warner Bros. Interactive,49,7.6,275,8.1,1310000,2008,22,7,13550000
LEGO Batman: The Videogame,PSP,Adventure,Warner Bros. Interactive,49,7.6,275,8.1,1300000,2008,22,7,13550000
The Last Guardian,PS4,Action-Adventure,Sony Interactive Entertainment,118,8.2,2649,8.0,1290000,2016,53,1,1290000
Watch Dogs,X360,Action-Adventure,Ubisoft,80,8.0,4140,6.7,1290000,2014,4,6,9700000
Manhunt,PS2,Action,Rockstar Games,47,7.6,230,8.3,1280000,2003,7,3,1470000
LEGO Batman: The Videogame,PS2,Adventure,Warner Bros. Interactive,49,7.6,275,8.1,1270000,2008,22,7,13550000
LEGO Harry Potter: Years 5-7,Wii,Action,Warner Bros. Interactive,35,7.7,105,7.6,1260000,2011,22,8,5020000
Assassin's Creed: Bloodlines,PSP,Action,Ubisoft,38,6.3,153,6.8,1260000,2009,4,1,1260000
Tomb Raider: Underworld,PS3,Adventure,Eidos Interactive,57,7.6,129,7.5,1260000,2008,21,6,3230000
Star Wars: The Force Unleashed,PS2,Action,LucasArts,74,7.3,396,7.1,1250000,2008,12,6,10070000
Lara Croft Tomb Raider: The Angel of Darkness,PS2,Action,Eidos Interactive,37,5.2,109,6.8,1250000,2003,21,2,1250000
Tom Clancy's Splinter Cell: Pandora Tomorrow,PS2,Action,Ubisoft,74,9.3,128,8.2,1250000,2004,4,5,2870000
Star Wars Episode III: Revenge of the Sith,XB,Action,LucasArts,44,6.1,48,7.8,1240000,2005,12,4,5590000
LEGO Batman 2: DC Super Heroes,PS3,Action-Adventure,Warner Bros. Interactive Entertainment,59,7.9,296,7.7,1230000,2012,14,8,6410000
Bayonetta,PS3,Action,Sega,86,9.0,783,8.2,1210000,2010,9,2,2140000
The Lord of the Rings: The Fellowship of the Ring,PS2,Action,Black Label Games,23,5.9,22,6.0,1200000,2002,161,2,1730000
Metal Gear Solid V: Ground Zeroes,PS4,Action-Adventure,Konami Digital Entertainment,70,7.5,1631,6.5,1200000,2014,33,4,2200000
Enter the Matrix,XB,Action,Atari,33,6.5,20,8.0,1200000,2003,16,4,4830000
Shadow of the Colossus,PS4,Action-Adventure,Sony Interactive Entertainment,107,9.1,2983,7.8,1200000,2018,53,3,2380000
Spider-Man: The Movie,GC,Action,Activision,29,7.9,33,7.4,1190000,2002,1,3,7070000
Hitman 2: Silent Assassin,XB,Action,Eidos Interactive,23,8.4,76,7.9,1190000,2002,21,4,4280000
Metal Gear Solid: Portable Ops,PSP,Action,Konami,54,8.7,158,7.7,1190000,2006,8,1,1190000
LEGO Star Wars III: The Clone Wars,PS3,Action,LucasArts,43,7.5,141,7.8,1180000,2011,12,7,7330000
LEGO Dimensions,PS4,Action,Warner Bros. Interactive Entertainment,53,8.0,109,7.2,1180000,2015,14,5,4230000
LEGO Jurassic World,PS4,Action,Warner Bros. Interactive Entertainment,46,7.0,201,7.2,1180000,2015,14,7,5680000
Sunset Overdrive,XOne,Action,Microsoft Studios,89,8.1,1589,7.9,1160000,2014,28,1,1160000
Gauntlet: Dark Legacy,PS2,Action,Midway Games,20,6.0,18,8.0,1150000,2001,20,4,1500000
The Lord of the Rings: The Return of the King,XB,Action,Electronic Arts,31,8.5,224,8.5,1140000,2003,2,3,5110000
Shadow of the Colossus,PS2,Adventure,Sony Computer Entertainment,107,9.1,2983,7.8,1140000,2005,6,3,2380000
Tenchu: Wrath of Heaven,PS2,Action,Activision,33,7.9,64,8.4,1140000,2003,1,1,1140000
LEGO Star Wars III: The Clone Wars,3DS,Action,LucasArts,43,7.5,141,7.8,1140000,2011,12,7,7330000
Rabbids Go Home,Wii,Adventure,Ubisoft,50,7.8,74,8.4,1130000,2009,4,1,1130000
Spider-Man 2,XB,Action,Activision,60,8.3,95,7.8,1120000,2004,1,5,6570000
Transformers: The Game,PS2,Action,Activision,50,5.2,40,5.8,1110000,2007,1,5,3340000
Metal Gear Solid HD Collection,PS3,Action,Konami Digital Entertainment,50,8.9,558,9.0,1110000,2011,33,6,3180000
Mafia III,XOne,Action-Adventure,2K Games,70,6.8,2177,5.4,1110000,2016,24,2,3980000
Castlevania: Lords of Shadow,PS3,Action,Konami,70,8.3,329,7.9,1110000,2010,8,2,1770000
Tom Clancy's Splinter Cell: Chaos Theory,XB,Action,Ubisoft,70,9.4,301,8.6,1110000,2005,4,5,2230000
LEGO Marvel Super Heroes 2,PS4,Action,Warner Bros. Interactive Entertainment,63,7.3,171,6.9,1110000,2017,14,3,2350000
LEGO Star Wars III: The Clone Wars,DS,Action,LucasArts,43,7.5,141,7.8,1100000,2011,12,7,7330000
Bully: Scholarship Edition,X360,Action,Rockstar Games,56,8.0,321,8.4,1090000,2008,7,3,1620000
The Godfather,PS2,Action,Electronic Arts,58,7.7,35,8.1,1090000,2006,2,2,1090000
Alien: Isolation,PS4,Adventure,Sega,50,7.9,1696,8.3,1090000,2014,9,5,2370000
Star Wars: The Force Unleashed,PSP,Action,LucasArts,74,7.3,396,7.1,1090000,2008,12,6,10070000
Dante's Inferno,PS3,Action,Electronic Arts,71,7.3,283,7.7,1080000,2010,2,3,2200000
Disney's Lilo & Stitch,GBA,Action,Disney Interactive Studios,7,5.4,14,6.4,1080000,2002,15,1,1080000
Grand Theft Auto: Chinatown Wars,PSP,Adventure,Rockstar Games,85,9.3,341,7.6,1080000,2009,7,2,2410000
Tomb Raider: Underworld,X360,Adventure,Eidos Interactive,57,7.6,129,7.5,1070000,2008,21,6,3230000
MySims Agents,DS,Adventure,Electronic Arts,28,7.8,19,7.2,1070000,2009,2,2,2120000
Prince of Persia,PS3,Adventure,Ubisoft,73,8.1,202,7.2,1070000,2008,4,2,2080000
Endless Ocean,Wii,Adventure,Nintendo,42,7.2,28,7.8,1060000,2008,10,1,1060000
Darksiders,X360,Action,THQ,81,8.3,342,7.8,1060000,2010,5,3,1490000
Hulk,PS2,Action,Universal Interactive,28,7.1,21,6.9,1060000,2003,62,4,1580000
The Evil Within 2,PS4,Action,Bethesda Softworks,71,7.6,1890,8.1,1050000,2017,13,2,1440000
Disney Universe,Wii,Action,Disney Interactive Studios,31,6.6,25,6.2,1050000,2011,15,4,2250000
MySims Agents,Wii,Adventure,Electronic Arts,28,7.8,19,7.2,1050000,2009,2,2,2120000
Sleeping Dogs,PS3,Action-Adventure,Square Enix,47,8.0,704,8.0,1040000,2012,18,2,1910000
LEGO Pirates of the Caribbean: The Video Game,X360,Action,Disney Interactive Studios,54,7.3,106,7.3,1040000,2011,15,7,5510000
Harry Potter and the Prisoner of Azkaban,PS2,Adventure,Electronic Arts,29,7.0,80,7.9,1020000,2004,2,5,2150000
LEGO Jurassic World,PS3,Action,Warner Bros. Interactive Entertainment,46,7.0,201,7.2,1020000,2015,14,7,5680000
Just Cause 3,XOne,Action-Adventure,Square Enix,53,7.4,1064,6.1,1010000,2015,18,3,3150000
LEGO Marvel's Avengers,PS4,Action,Warner Bros. Interactive Entertainment,70,7.1,242,7.3,1010000,2016,14,7,3120000
LEGO Jurassic World,X360,Action,Warner Bros. Interactive Entertainment,46,7.0,201,7.2,1010000,2015,14,7,5680000
LEGO Harry Potter: Years 5-7,X360,Action,Warner Bros. Interactive,35,7.7,105,7.6,1010000,2011,22,8,5020000
Prince of Persia,X360,Adventure,Ubisoft,73,8.1,202,7.2,1010000,2008,4,2,2080000
Dynasty Warriors 3: Xtreme Legends,PS2,Action,KOEI,16,7.2,14,5.2,1000000,2003,42,1,1000000
Tom Clancy's Splinter Cell: Blacklist,X360,Action-Adventure,Ubisoft,58,8.2,500,7.6,1000000,2013,4,4,2320000
The Bouncer,PS2,Action,Square,20,6.6,46,7.2,990000,2001,63,1,990000
Apollo Justice: Ace Attorney,DS,Adventure,Capcom,48,7.8,122,7.9,990000,2008,11,2,1000000
Tom Clancy's Splinter Cell: Blacklist,PS3,Action-Adventure,Ubisoft,58,8.2,500,7.6,980000,2013,4,4,2320000
The LEGO Movie Videogame,PS3,Action-Adventure,Warner Bros. Interactive Entertainment,31,7.1,177,7.0,980000,2014,14,7,5350000
Grand Theft Auto: San Andreas,PC,Action,Rockstar Games,80,9.5,4488,9.2,970000,2005,7,3,3050000
Brutal Legend,X360,Action,Electronic Arts,88,8.2,197,7.7,970000,2009,2,2,1910000
Grand Theft Auto: Vice City Stories,PS2,Action,Rockstar Games,50,8.6,381,8.2,970000,2007,7,2,6050000
Skylanders: Spyro's Adventure,X360,Action,Activision,35,7.8,98,6.4,970000,2011,1,5,5380000
Sea of Thieves,XOne,Action-Adventure,Microsoft Studios,78,6.9,2554,5.6,960000,2018,28,1,960000
LEGO Pirates of the Caribbean: The Video Game,PS3,Action,Disney Interactive Studios,54,7.3,106,7.3,960000,2011,15,7,5510000
Gangs of London,PSP,Adventure,Sony Computer Entertainment,47,5.2,10,6.7,960000,2006,6,1,960000
LEGO Harry Potter: Years 5-7,PS3,Action,Warner Bros. Interactive,35,7.7,105,7.6,950000,2011,22,8,5020000
Tom Clancy's Splinter Cell: Chaos Theory,PS2,Adventure,Ubisoft,70,9.4,301,8.6,950000,2005,4,5,2230000
Destroy All Humans!,PS2,Adventure,THQ,40,7.0,195,7.7,940000,2005,5,2,1400000
Prince of Persia: The Sands of Time,XB,Adventure,Ubisoft,44,9.2,559,8.6,940000,2003,4,5,3630000
Castlevania: Lament of Innocence,PS2,Action,Konami,45,7.9,97,8.5,940000,2003,8,1,940000
Brutal Legend,PS3,Action,Electronic Arts,88,8.2,197,7.7,940000,2009,2,2,1910000
Skylanders: Spyro's Adventure,PS3,Action,Activision,35,7.8,98,6.4,940000,2011,1,5,5380000
Monster Hunter: World,XOne,Action,Capcom,100,9.0,2315,7.8,930000,2018,11,1,930000
Phoenix Wright: Ace Attorney,DS,Adventure,Capcom,53,8.1,377,8.9,930000,2005,11,1,930000
Bayonetta,X360,Action,Sega,86,9.0,783,8.2,930000,2010,9,2,2140000
Dante's Inferno,X360,Action,Electronic Arts,71,7.3,283,7.7,920000,2010,2,3,2200000
LEGO Pirates of the Caribbean: The Video Game,DS,Action,Disney Interactive Studios,54,7.3,106,7.3,910000,2011,15,7,5510000
Dynasty Warriors 7,PS3,Action,Tecmo Koei,25,5.7,70,7.3,910000,2011,40,2,1150000
Assassin's Creed,PC,Adventure,Ubisoft,77,8.1,1559,7.3,910000,2008,4,3,11290000
James Cameron's Avatar: The Game,PS3,Action,Ubisoft,62,6.1,59,6.2,900000,2009,4,6,3440000
Resident Evil: Revelations,3DS,Action,Capcom,78,8.2,665,8.2,890000,2012,11,4,1850000
The Tomb Raider Trilogy,PS3,Action,Square Enix,37,7.8,87,8.4,890000,2011,18,1,890000
Fortnite,PS4,Action,Gearbox Software,18,7.8,2491,4.8,890000,2017,105,3,1680000
Assassin's Creed III,PC,Action-Adventure,Ubisoft,61,8.4,1940,7.0,890000,2012,4,4,13060000
Star Wars: The Force Unleashed,DS,Action,LucasArts,74,7.3,396,7.1,880000,2008,12,6,10070000
NBA 2K6,PS2,Action,2K Sports,33,8.1,18,6.9,880000,2005,17,3,1470000
LEGO Harry Potter Collection,PS4,Action,Warner Bros. Interactive Entertainment,17,7.3,135,7.4,880000,2016,14,3,1430000
Ghostbusters: The Video Game,Wii,Action,Atari,74,7.8,109,7.8,870000,2009,16,6,3340000
For Honor,XOne,Action,Ubisoft,62,7.8,1260,6.0,870000,2017,4,3,2660000
LEGO Dimensions,X360,Action,Warner Bros. Interactive Entertainment,53,8.0,109,7.2,870000,2015,14,5,4230000
Grand Theft Auto IV,PC,Action,Rockstar Games,86,9.8,4462,8.3,870000,2008,7,3,22530000
Warriors Orochi,PS2,Action,KOEI,27,5.3,19,8.0,870000,2007,42,4,1270000
Sleeping Dogs,X360,Action-Adventure,Square Enix,47,8.0,704,8.0,870000,2012,18,2,1910000
Paper Mario: Color Splash,WiiU,Action-Adventure,Nintendo,77,7.6,514,7.0,870000,2016,10,1,870000
Dishonored 2,XOne,Action,Bethesda Softworks,67,8.8,1828,8.0,860000,2016,13,3,3090000
Dynasty Warriors 4: Xtreme Legends,PS2,Action,KOEI,15,7.2,13,5.3,860000,2003,42,1,860000
LEGO Batman 2: DC Super Heroes,3DS,Action-Adventure,Warner Bros. Interactive Entertainment,59,7.9,296,7.7,860000,2012,14,8,6410000
LEGO Jurassic World,3DS,Action,Warner Bros. Interactive Entertainment,46,7.0,201,7.2,850000,2015,14,7,5680000
Darksiders II,PS3,Action-Adventure,THQ,63,8.3,618,8.2,850000,2012,5,3,1800000
Tomb Raider: Anniversary,Wii,Action,Eidos Interactive,33,7.7,95,8.0,850000,2007,21,5,2340000
Thief,PS4,Action,Square Enix,48,6.7,862,6.1,850000,2014,18,4,1980000
Ninja Gaiden Sigma 2,PS3,Action,Tecmo Koei,52,8.3,170,7.8,850000,2009,40,1,850000
Metroid: Zero Mission,GBA,Adventure,Nintendo,50,8.9,428,8.9,840000,2004,10,1,840000
Ghostbusters: The Video Game,PS3,Action,Atari,74,7.8,109,7.8,840000,2009,16,6,3340000
ZombiU,WiiU,Action,Ubisoft,70,7.7,800,7.7,840000,2012,4,1,840000
Harry Potter and the Order of the Phoenix,DS,Adventure,Electronic Arts,38,6.8,41,5.3,840000,2007,2,7,2520000
Spider-Man 2,GC,Action,Activision,60,8.3,95,7.8,840000,2004,1,5,6570000
Metal Gear Solid V: The Phantom Pain,XOne,Action,Konami Digital Entertainment,88,9.3,6528,8.1,830000,2015,33,3,4030000
Twisted Metal (2012),PS3,Action,Sony Computer Entertainment,69,7.6,318,7.7,830000,2012,6,1,830000
MediEvil: Resurrection,PSP,Adventure,Sony Computer Entertainment,43,6.6,103,8.3,820000,2005,6,1,820000
The Walking Dead: A Telltale Games Series,PS3,Adventure,Telltale Games,14,8.9,4022,8.8,820000,2012,83,4,2210000
LEGO Dimensions,PS3,Action,Warner Bros. Interactive Entertainment,53,8.0,109,7.2,810000,2015,14,5,4230000
The Legend of Zelda: Four Swords Adventures,GC,Adventure,Nintendo,55,8.6,111,7.3,810000,2004,10,1,810000
Star Wars The Clone Wars: Republic Heroes,Wii,Action,LucasArts,37,4.3,34,6.0,800000,2009,12,7,2720000
Prince of Persia: Warrior Within,XB,Adventure,Ubisoft,55,8.3,113,8.5,800000,2004,4,4,2640000
Darksiders II,X360,Action-Adventure,THQ,63,8.3,618,8.2,790000,2012,5,3,1800000
Prototype 2,X360,Action,Activision,69,7.4,276,7.1,790000,2012,1,3,1680000
The Godfather II,X360,Adventure,Electronic Arts,72,6.5,57,7.1,790000,2009,2,3,1530000
Shadow of the Tomb Raider,XOne,Action-Adventure,Square Enix,70,7.5,2012,7.3,780000,2018,18,2,2520000
MadWorld,Wii,Action,Sega,74,8.1,140,8.3,780000,2009,9,1,780000
Hitman,PS4,Action,Square Enix,41,8.4,585,7.8,780000,2017,18,2,1090000
Drawn to Life,DS,Adventure,THQ,34,7.3,39,7.5,780000,2007,5,1,780000
LEGO Jurassic World,XOne,Action,Warner Bros. Interactive Entertainment,46,7.0,201,7.2,780000,2015,14,7,5680000
Star Wars: The Force Unleashed II,Wii,Action,LucasArts,59,6.1,318,6.1,780000,2010,12,5,3980000
Tom Clancy's Splinter Cell: Double Agent,X360,Action,Ubisoft,59,8.5,146,7.7,780000,2006,4,5,1230000
Star Wars Episode II: Attack of the Clones,GBA,Action,THQ,14,3.8,13,3.7,770000,2002,5,1,770000
Prototype 2,PS3,Action,Activision,69,7.4,276,7.1,770000,2012,1,3,1680000
James Cameron's Avatar: The Game,X360,Action,Ubisoft,62,6.1,59,6.2,770000,2009,4,6,3440000
Fortnite,XOne,Action,Gearbox Software,18,7.8,2491,4.8,770000,2017,105,3,1680000
The Walking Dead: A Telltale Games Series,X360,Adventure,Telltale Games,14,8.9,4022,8.8,760000,2012,83,4,2210000
Resident Evil: Revelations,PS3,Action,Capcom,78,8.2,665,8.2,760000,2013,11,4,1850000
Harry Potter and the Half-Blood Prince,Wii,Action,Electronic Arts,38,6.4,36,4.5,760000,2009,2,7,3220000
Mercenaries: Playground of Destruction,PS2,Action,LucasArts,65,8.6,32,7.6,760000,2005,12,2,1440000
Assassin's Creed: Revelations,PC,Action,Ubisoft,77,8.0,1164,7.5,760000,2011,4,3,9210000
Quantum Break,XOne,Action,Microsoft Studios,112,7.7,2386,7.3,760000,2016,28,2,780000
True Crime: New York City,PS2,Action,Activision,47,6.0,65,7.2,760000,2005,1,4,1210000
The Lord of the Rings: Conquest,PS3,Action,Electronic Arts,58,5.5,75,6.7,750000,2009,2,4,1500000
Genji: Days of the Blade,PS3,Action,Sony Computer Entertainment,46,5.5,29,6.3,750000,2006,6,1,750000
Ace Combat: Assault Horizon,PS3,Action,Namco Bandai,71,7.8,98,6.1,740000,2011,27,2,1230000
The Lord of the Rings: The Two Towers,GBA,Action,Electronic Arts,32,8.2,133,7.9,740000,2002,2,4,6650000
The Godfather II,PS3,Adventure,Electronic Arts,72,6.5,57,7.1,740000,2009,2,3,1530000
Indiana Jones and the Staff of Kings,Wii,Action,LucasArts,32,5.5,23,7.3,720000,2009,12,4,1510000
Star Wars Episode III: Revenge of the Sith,GBA,Action,Ubisoft,44,6.1,48,7.8,720000,2005,4,4,5590000
Ultimate Spider-Man,PS2,Action,Activision,53,7.7,59,8.5,720000,2005,1,6,1940000
Monster Hunter Generations Ultimate,NS,Action,Capcom,53,8.0,208,8.5,720000,2018,11,1,720000
LEGO Dimensions,XOne,Action,Warner Bros. Interactive Entertainment,53,8.0,109,7.2,720000,2015,14,5,4230000
The LEGO Movie Videogame,3DS,Action-Adventure,Warner Bros. Interactive Entertainment,31,7.1,177,7.0,720000,2014,14,7,5350000
James Cameron's Avatar: The Game,Wii,Action,Ubisoft,62,6.1,59,6.2,720000,2009,4,6,3440000
Dynasty Warriors 6,PS3,Action,KOEI,42,6.0,28,6.9,710000,2008,42,3,1260000
The LEGO Movie Videogame,PS4,Action-Adventure,Warner Bros. Interactive Entertainment,31,7.1,177,7.0,710000,2014,14,7,5350000
LEGO Batman 2: DC Super Heroes,DS,Action-Adventure,Warner Bros. Interactive Entertainment,59,7.9,296,7.7,710000,2012,14,8,6410000
LEGO Harry Potter: Years 1-4,PSP,Adventure,Warner Bros. Interactive,58,7.9,154,7.4,710000,2010,22,6,8460000
The Lord of the Rings: The Two Towers,XB,Action,Electronic Arts,32,8.2,133,7.9,710000,2002,2,4,6650000
F-14 Tomcat,GBA,Action,Majesco,8,6.7,4,7.5,700000,2001,26,1,700000
Mafia,PS2,Action,Gathering of Developers,33,6.6,234,8.4,700000,2004,143,3,970000
Spider-Man 2,PSP,Action,Activision,60,8.3,95,7.8,700000,2005,1,5,6570000
Star Wars: Obi-Wan,XB,Action,LucasArts,28,5.8,19,5.5,700000,2001,12,1,700000
Ace Attorney Investigations: Miles Edgeworth,DS,Adventure,Capcom,51,7.8,116,7.9,700000,2010,11,1,700000
Metal Gear Solid HD Collection,X360,Action,Konami Digital Entertainment,50,8.9,558,9.0,700000,2011,33,6,3180000
Mortal Kombat: Shaolin Monks,PS2,Action,Midway Games,41,7.7,238,8.8,690000,2005,20,2,1000000
Harry Potter and the Chamber of Secrets,GC,Adventure,Electronic Arts,16,7.1,128,7.7,690000,2002,2,6,7640000
Prince of Persia: The Forgotten Sands,PS3,Action,Ubisoft,69,7.4,138,7.4,690000,2010,4,6,2100000
Metal Gear Solid: Portable Ops Plus,PSP,Action,Konami,19,6.5,26,6.8,690000,2007,8,1,690000
The Lord of the Rings: The Return of the King,GC,Action,Electronic Arts,31,8.5,224,8.5,690000,2003,2,3,5110000
Prince of Persia: The Two Thrones,PS2,Adventure,Ubisoft,46,8.5,109,8.0,680000,2005,4,4,1410000
Mercenaries: Playground of Destruction,XB,Action,LucasArts,65,8.6,32,7.6,680000,2005,12,2,1440000
LEGO Harry Potter: Years 5-7,DS,Action,Warner Bros. Interactive,35,7.7,105,7.6,680000,2011,22,8,5020000
Diablo III: Eternal Collection,NS,Action,Blizzard Entertainment,63,8.8,473,7.2,670000,2018,57,1,670000
LEGO Marvel Super Heroes 2,NS,Action,Warner Bros. Interactive Entertainment,63,7.3,171,6.9,670000,2017,14,3,2350000
Disney Infinity,WiiU,Action-Adventure,Disney Interactive Studios,38,7.4,95,6.6,670000,2013,15,2,1020000
"The Chronicles of Narnia: The Lion, The Witch and The Wardrobe",GBA,Adventure,Buena Vista,36,6.8,20,7.9,670000,2005,61,5,1760000
Lollipop Chainsaw,PS3,Action,Warner Bros. Interactive Entertainment,64,7.0,332,7.1,670000,2012,14,2,1150000
The LEGO Movie Videogame,WiiU,Action-Adventure,Warner Bros. Interactive Entertainment,31,7.1,177,7.0,660000,2014,14,7,5350000
Tomb Raider: Definitive Edition,XOne,Action-Adventure,Square Enix,54,8.5,2139,8.1,660000,2014,18,2,2170000
Fist of the North Star: Ken's Rage,PS3,Action,Tecmo Koei,38,5.9,29,7.3,660000,2010,40,2,820000
Castlevania: Lords of Shadow,X360,Action,Konami,70,8.3,329,7.9,660000,2010,8,2,1770000
Shrek: Hassle at the Castle,GBA,Action,TDK Mediactive,7,7.1,10,6.5,660000,2002,75,1,660000
One Piece: Pirate Warriors 2,PS3,Action,Namco Bandai Games,35,7.1,84,7.7,660000,2014,29,2,780000
LEGO Dimensions,WiiU,Action,Warner Bros. Interactive Entertainment,53,8.0,109,7.2,650000,2015,14,5,4230000
Transformers: The Game,PSP,Action,Activision,50,5.2,40,5.8,650000,2007,1,5,3340000
Harry Potter and the Goblet of Fire,PS2,Adventure,Electronic Arts,29,6.8,67,5.3,650000,2005,2,7,2340000
Drawn to Life: The Next Chapter,DS,Adventure,THQ,22,5.8,8,5.9,650000,2009,5,1,650000
The LEGO Movie Videogame,XOne,Action-Adventure,Warner Bros. Interactive Entertainment,31,7.1,177,7.0,650000,2014,14,7,5350000
Sengoku Basara: Samurai Heroes,PS3,Action,Capcom,37,6.1,44,8.0,640000,2010,11,2,930000
X2: Wolverine's Revenge,PS2,Action,Activision,27,5.8,6,5.0,640000,2003,1,3,970000
Harry Potter and the Half-Blood Prince,PS2,Action,Electronic Arts,38,6.4,36,4.5,640000,2009,2,7,3220000
Batman: Return to Arkham,PS4,Action,Warner Bros. Interactive Entertainment,28,7.3,479,8.3,640000,2016,14,2,840000
Onimusha: Dawn of Dreams,PS2,Action,Capcom,45,8.1,93,8.5,640000,2006,11,1,640000
Crash of the Titans,PSP,Action,Sierra Entertainment,25,6.5,102,7.0,640000,2007,56,5,2300000
Dead Island: Riptide,PS3,Action,Deep Silver,43,5.7,255,6.2,640000,2013,43,1,640000
The Lord of the Rings: Conquest,X360,Action,Electronic Arts,58,5.5,75,6.7,630000,2009,2,4,1500000
LEGO The Incredibles,NS,Action,Warner Bros. Interactive Entertainment,35,6.9,77,5.7,630000,2018,14,3,1480000
Assassin's Creed IV: Black Flag,PC,Action-Adventure,Ubisoft,36,8.8,2065,8.3,630000,2013,4,6,13710000
LEGO Pirates of the Caribbean: The Video Game,3DS,Action,Disney Interactive Studios,54,7.3,106,7.3,630000,2011,15,7,5510000
Condemned 2: Bloodshot,X360,Adventure,Sega,76,8.0,121,7.7,630000,2008,9,1,630000
Warriors Orochi 3,PS3,Action,Tecmo Koei,18,6.4,36,7.6,620000,2012,40,7,1160000
Disney Universe,PS3,Action,Disney Interactive Studios,31,6.6,25,6.2,620000,2011,15,4,2250000
Viewtiful Joe,GC,Action,Capcom,52,9.3,124,7.7,620000,2003,11,2,900000
Phoenix Wright: Ace Attorney - Trials and Tribulations,DS,Adventure,Capcom,45,8.1,251,9.0,620000,2007,11,1,620000
LEGO The Hobbit,PS4,Action-Adventure,Warner Bros. Interactive Entertainment,47,7.2,155,6.7,620000,2014,14,7,2460000
Ghostbusters: The Video Game,X360,Action,Atari,74,7.8,109,7.8,620000,2009,16,6,3340000
Prince of Persia: The Forgotten Sands,X360,Action,Ubisoft,69,7.4,138,7.4,620000,2010,4,6,2100000
Harry Potter and the Half-Blood Prince,DS,Action,Electronic Arts,38,6.4,36,4.5,620000,2009,2,7,3220000
Metal Gear Solid 2: Substance,XB,Action,Konami,28,8.7,53,8.2,620000,2002,8,3,1140000
Spider-Man: Mysterio's Menace,GBA,Action,Activision,8,8.4,23,7.7,610000,2001,1,1,610000
Samurai Warriors 2,PS2,Action,KOEI,30,5.2,19,8.6,610000,2006,42,3,720000
Harry Potter and the Goblet of Fire,GBA,Adventure,Electronic Arts,29,6.8,67,5.3,610000,2005,2,7,2340000
James Cameron's Avatar: The Game,PSP,Action,Ubisoft,62,6.1,59,6.2,610000,2009,4,6,3440000
Dragon Ball Z: Buu's Fury,GBA,Action,Atari,19,6.2,55,8.2,610000,2004,16,1,610000
Gravity Rush,PSV,Action-Adventure,Sony Computer Entertainment,73,8.3,775,8.6,600000,2012,6,1,600000
L.A. Noire,PS4,Adventure,Rockstar Games,83,8.9,1207,8.0,600000,2017,7,5,7240000
The Golden Compass,DS,Adventure,Sega,25,4.1,8,5.4,600000,2007,9,7,2840000
The Golden Compass,Wii,Adventure,Sega,25,4.1,8,5.4,600000,2007,9,7,2840000
Jaws Unleashed,PS2,Action,Majesco,29,5.1,7,6.1,600000,2006,26,2,750000
Transformers: The Game,X360,Action,Activision,50,5.2,40,5.8,600000,2007,1,5,3340000
Assassin's Creed: Brotherhood,PC,Action,Ubisoft,81,8.9,1541,8.4,590000,2011,4,3,6970000
Naruto: The Broken Bond,X360,Action,Ubisoft,34,8.0,51,8.1,590000,2008,4,1,590000
Transformers: War for Cybertron,X360,Action,Activision,69,7.6,126,7.9,590000,2010,1,3,1090000
Alice: Madness Returns,PS3,Adventure,Electronic Arts,67,7.0,309,8.1,590000,2011,2,3,1210000
Silent Hill: Shattered Memories,PS2,Adventure,Konami,56,7.9,252,7.6,590000,2010,8,3,1370000
Hidden Agenda,PS4,Adventure,Sony Interactive Entertainment,47,6.6,159,6.6,590000,2017,53,1,590000
Metal Gear Solid V: Ground Zeroes,PS3,Action-Adventure,Konami Digital Entertainment,70,7.5,1631,6.5,590000,2014,33,4,2200000
Prince of Persia: The Two Thrones,XB,Adventure,Ubisoft,46,8.5,109,8.0,580000,2005,4,4,1410000
Lost: Via Domus,X360,Action,Ubisoft,50,5.5,41,5.4,580000,2008,4,3,1100000
Phineas and Ferb: Across the 2nd Dimension,Wii,Action,Disney Interactive Studios,13,6.3,23,7.1,580000,2011,15,3,1440000
TMNT,X360,Action,Ubisoft,31,5.8,30,6.2,580000,2007,4,4,1090000
Tom Clancy's HAWX,X360,Action,Ubisoft,64,7.3,24,7.3,580000,2009,4,3,1180000
Skylanders: Spyro's Adventure,3DS,Action,Activision,35,7.8,98,6.4,580000,2011,1,5,5380000
Transformers: The Game,Wii,Action,Activision,50,5.2,40,5.8,580000,2007,1,5,3340000
Tomb Raider: Anniversary,PSP,Action,Eidos Interactive,33,7.7,95,8.0,570000,2007,21,5,2340000
LEGO Marvel Super Heroes 2,XOne,Action,Warner Bros. Interactive Entertainment,63,7.3,171,6.9,570000,2017,14,3,2350000
Disney Universe,X360,Action,Disney Interactive Studios,31,6.6,25,6.2,570000,2011,15,4,2250000
Resident Evil: Revelations 2,PS4,Action,Capcom,30,7.5,674,7.6,570000,2015,11,5,1240000
Spyro Orange: The Cortex Conspiracy,GBA,Action,Vivendi Games,25,6.0,21,5.2,570000,2004,54,1,570000
Dynasty Warriors 5: Xtreme Legends,PS2,Action,KOEI,22,5.7,13,5.8,570000,2005,42,1,570000
Resident Evil Outbreak File #2,PS2,Action,Capcom,35,5.8,117,8.1,570000,2005,11,1,570000
LEGO Jurassic World,WiiU,Action,Warner Bros. Interactive Entertainment,46,7.0,201,7.2,570000,2015,14,7,5680000
Starlink: Battle for Atlas,NS,Action-Adventure,Ubisoft,69,7.4,248,7.7,570000,2018,4,3,770000
True Crime: Streets of LA,GC,Action,Activision,39,7.7,23,7.5,560000,2003,1,4,5210000
Tom Clancy's HAWX,PS3,Action,Ubisoft,64,7.3,24,7.3,560000,2009,4,3,1180000
Batman Begins,PS2,Action,Electronic Arts,56,6.5,29,7.7,560000,2005,2,4,1090000
Enslaved: Odyssey to the West,PS3,Action,Namco Bandai,72,8.2,384,7.8,560000,2010,27,2,1100000
No More Heroes,Wii,Action,Ubisoft,64,8.3,228,8.4,560000,2008,4,1,560000
Manhunt 2,PS2,Action,Rockstar Games,38,6.2,60,7.4,560000,2007,7,3,1410000
Just Cause 4,PS4,Action-Adventure,Square Enix,49,6.8,510,4.7,560000,2018,18,2,850000
Metroid: Samus Returns,3DS,Action-Adventure,Nintendo,87,8.5,677,8.7,560000,2017,10,1,560000
Soul Reaver 2,PS2,Adventure,Eidos Interactive,22,8.0,74,8.5,550000,2001,21,1,550000
Metal Gear Solid 3: Subsistence,PS2,Action,Konami,53,9.4,870,8.5,550000,2006,8,1,550000
Batman: Vengeance,PS2,Adventure,Ubisoft,19,6.8,18,6.9,550000,2001,4,3,990000
Assassin's Creed II,PC,Action,Ubisoft,82,9.0,2668,8.8,540000,2010,4,3,11410000
Phineas and Ferb: Across the 2nd Dimension,DS,Action,Disney Interactive Studios,13,6.3,23,7.1,540000,2011,15,3,1440000
Hotel Dusk: Room 215,DS,Adventure,Nintendo,57,7.8,106,8.5,540000,2007,10,1,540000
Manhunt 2,Wii,Action,Rockstar Games,38,6.2,60,7.4,540000,2007,7,3,1410000
The Incredible Hulk: Ultimate Destruction,PS2,Action,VU Games,47,8.4,21,7.6,540000,2005,37,3,920000
Dynasty Warriors: Gundam 3,PS3,Action,Tecmo Koei,27,6.5,25,7.6,540000,2011,40,2,720000
Enslaved: Odyssey to the West,X360,Action,Namco Bandai,72,8.2,384,7.8,540000,2010,27,2,1100000
LEGO The Incredibles,PS4,Action,Warner Bros. Interactive Entertainment,35,6.9,77,5.7,530000,2018,14,3,1480000
Burnout Revenge,XB,Action,Electronic Arts,65,8.9,68,8.9,530000,2005,2,1,530000
The Lord of the Rings: The Fellowship of the Ring,XB,Action,Black Label Games,23,5.9,22,6.0,530000,2002,161,2,1730000
Legacy of Kain: Defiance,PS2,Adventure,Eidos Interactive,34,7.5,85,8.7,530000,2003,21,3,730000
Phoenix Wright: Ace Attorney - Justice for All,DS,Adventure,Capcom,51,7.6,206,8.5,530000,2007,11,1,530000
Harry Potter and the Half-Blood Prince,PSP,Action,Electronic Arts,38,6.4,36,4.5,530000,2009,2,7,3220000
The Lord of the Rings: The Two Towers,GC,Action,Electronic Arts,32,8.2,133,7.9,530000,2002,2,4,6650000
The Warriors,PS2,Action,Rockstar Games,55,8.5,47,7.9,530000,2005,7,3,1090000
Peter Jackson's King Kong: The Official Game of the Movie,XB,Action,Ubisoft,57,8.0,94,7.8,530000,2005,4,6,3390000
Alien: Isolation,XOne,Adventure,Sega,50,7.9,1696,8.3,520000,2014,9,5,2370000
Harry Potter and the Prisoner of Azkaban,GBA,Adventure,Electronic Arts,29,7.0,80,7.9,520000,2004,2,5,2150000
Metal Gear Solid 2: Substance,PS2,Action,Konami,28,8.7,53,8.2,520000,2003,8,3,1140000
The Golden Compass,PS2,Adventure,Sega,25,4.1,8,5.4,520000,2007,9,7,2840000
Metal Gear Solid HD Collection,PS3,Action,Konami,50,8.9,558,9.0,520000,2011,8,6,3180000
Silent Hill: Origins,PSP,Action,Konami,40,7.8,254,7.3,520000,2007,8,2,590000
Tomb Raider: Legend,PS2,Action,Eidos Interactive,54,8.0,150,7.9,520000,2006,21,7,1650000
Way of the Samurai 3,PS3,Action,Agetec,22,5.5,20,7.0,520000,2009,66,2,730000
Lair,PS3,Action,Sony Computer Entertainment,55,5.3,61,6.6,510000,2007,6,1,510000
Hitman 2,PS4,Action-Adventure,Warner Bros. Interactive Entertainment,74,8.2,972,8.4,510000,2018,14,2,730000
Prince of Persia Trilogy,PS3,Action,Ubisoft,21,8.1,85,8.0,510000,2011,4,1,510000
The Saboteur,X360,Action,Electronic Arts,69,7.3,135,7.8,510000,2009,2,3,1050000
Fire Emblem Warriors,NS,Action,Nintendo,74,7.4,439,7.7,510000,2017,10,2,660000
Way of the Samurai,PS2,Action,BAM! Entertainment,22,7.4,28,7.9,510000,2002,78,1,510000
Silent Hill 4: The Room,PS2,Adventure,Konami,54,7.6,496,8.0,510000,2004,8,2,690000
Attack on Titan,PS4,Action,Tecmo Koei,58,7.4,147,7.0,500000,2017,40,4,870000
Lost: Via Domus,PS3,Action,Ubisoft,50,5.5,41,5.4,500000,2008,4,3,1100000
Steel Diver,3DS,Action,Nintendo,55,5.8,36,6.1,500000,2011,10,1,500000
Fantastic 4,PS2,Action,Activision,46,6.2,7,3.9,500000,2005,1,3,1010000
Bully: Scholarship Edition,Wii,Action,Rockstar Games,56,8.0,321,8.4,500000,2008,7,3,1620000
The Adventures of Jimmy Neutron Boy Genius: Attack of the Twonkies,GBA,Adventure,THQ,8,6.5,6,8.8,500000,2004,5,3,1280000
Avatar: The Last Airbender,GC,Adventure,THQ,15,5.6,15,6.0,500000,2006,5,4,1220000
The Adventures of Jimmy Neutron Boy Genius: Attack of the Twonkies,PS2,Adventure,THQ,8,6.5,6,8.8,500000,2004,5,3,1280000
Alice: Madness Returns,X360,Adventure,Electronic Arts,67,7.0,309,8.1,500000,2011,2,3,1210000
The Mummy Returns,PS2,Action,Universal Interactive,13,4.4,8,5.1,500000,2001,62,1,500000
Transformers: War for Cybertron,PS3,Action,Activision,69,7.6,126,7.9,500000,2010,1,3,1090000
Hitman: Blood Money,PS2,Action,Eidos Interactive,53,8.2,221,8.5,500000,2006,21,4,1060000
Super Monkey Ball 3D,3DS,Action,Sega,57,5.5,46,5.5,500000,2011,9,1,500000
Spider-Man 2,DS,Action,Activision,60,8.3,95,7.8,500000,2004,1,5,6570000
Tomb Raider: Anniversary,PS2,Action,Eidos Interactive,33,7.7,95,8.0,500000,2007,21,5,2340000
Metal Gear Rising: Revengeance,X360,Action,Konami Digital Entertainment,61,8.0,1206,8.3,500000,2013,33,2,2000000
Ace Combat: Assault Horizon,X360,Action,Namco Bandai,71,7.8,98,6.1,490000,2011,27,2,1230000
The Matrix: Path of Neo,PS2,Action,Atari,42,6.9,66,7.6,490000,2005,16,3,800000
Dynasty Warriors: Gundam 2,PS3,Action,Namco Bandai,30,4.9,14,5.7,490000,2009,27,3,1020000
Watch Dogs,PC,Action-Adventure,Ubisoft,80,8.0,4140,6.7,490000,2014,4,6,9700000
Alone in the Dark,X360,Adventure,Atari,77,6.3,320,7.4,490000,2008,16,2,550000
Lollipop Chainsaw,X360,Action,Warner Bros. Interactive Entertainment,64,7.0,332,7.1,480000,2012,14,2,1150000
The Saboteur,PS3,Action,Electronic Arts,69,7.3,135,7.8,480000,2009,2,3,1050000
Crash of the Titans,DS,Action,Sierra Entertainment,25,6.5,102,7.0,480000,2007,56,5,2300000
Friday the 13th: The Game,PS4,Action,Gun Media,26,6.1,293,6.3,480000,2017,218,2,750000
Thief,XOne,Action,Square Enix,48,6.7,862,6.1,480000,2014,18,4,1980000
Destroy All Humans! 2,PS2,Adventure,THQ,39,7.4,70,8.3,480000,2006,5,1,480000
The Walking Dead: A Telltale Games Series,PS4,Adventure,Telltale Games,14,8.9,4022,8.8,480000,2014,83,4,2210000
A Way Out,PS4,Action,Electronic Arts,66,7.8,1423,7.9,480000,2018,2,2,720000
Batman: Arkham Origins Blackgate,PSV,Action-Adventure,Warner Bros. Interactive Entertainment,38,6.1,154,6.7,480000,2013,14,2,750000
LEGO Marvel's Avengers,XOne,Action,Warner Bros. Interactive Entertainment,70,7.1,242,7.3,480000,2016,14,7,3120000
Silent Hill: Shattered Memories,Wii,Adventure,Konami,56,7.9,252,7.6,470000,2009,8,3,1370000
Deadpool,PS3,Action,Activision,49,6.2,477,7.4,470000,2013,1,4,1600000
LEGO The Hobbit,PS3,Action-Adventure,Warner Bros. Interactive Entertainment,47,7.2,155,6.7,470000,2014,14,7,2460000
FlingSmash,Wii,Action,Nintendo,26,4.8,27,7.2,470000,2010,10,1,470000
Deadpool,PS4,Action,Activision,49,6.2,477,7.4,470000,2015,1,4,1600000
Spider-Man: Friend or Foe,DS,Action,Activision,51,6.0,41,6.6,470000,2007,1,6,1460000
Detective Pikachu,3DS,Adventure,Nintendo,64,7.1,139,7.3,470000,2018,10,1,470000
Luigi's Mansion,3DS,Adventure,Nintendo,43,7.4,179,8.1,470000,2018,10,1,470000
ICO,PS2,Adventure,Sony Computer Entertainment,59,9.0,536,8.6,470000,2001,6,2,530000
Silent Hill: Downpour,PS3,Adventure,Konami,41,6.4,394,6.8,470000,2012,8,2,790000
Pirates of the Caribbean: Dead Man's Chest,GBA,Adventure,Buena Vista,34,5.2,8,6.9,470000,2006,61,3,1010000
Rygar: The Legendary Adventure,PS2,Action,Tecmo,30,8.3,24,7.9,460000,2002,71,1,460000
The Mark of Kri,PS2,Action,Sony Computer Entertainment,37,8.0,32,7.0,460000,2002,6,1,460000
Harry Potter and the Order of the Phoenix,Wii,Adventure,Electronic Arts,38,6.8,41,5.3,460000,2007,2,7,2520000
Destroy All Humans!,XB,Adventure,THQ,40,7.0,195,7.7,460000,2005,5,2,1400000
The Golden Compass,X360,Adventure,Sega,25,4.1,8,5.4,460000,2007,9,7,2840000
State of Decay 2,XOne,Action-Adventure,Microsoft Studios,78,6.6,1004,5.8,460000,2018,28,1,460000
Tomb Raider: Legend,PSP,Action,Eidos Interactive,54,8.0,150,7.9,460000,2006,21,7,1650000
LEGO DC Super-Villains,PS4,Action-Adventure,Warner Bros. Interactive Entertainment,43,7.4,155,7.3,460000,2018,14,3,1200000
LEGO The Hobbit,X360,Action-Adventure,Warner Bros. Interactive Entertainment,47,7.2,155,6.7,460000,2014,14,7,2460000
Hyrule Warriors: Definitive Edition,NS,Action,Nintendo,65,7.8,253,7.9,460000,2018,10,1,460000
Enter the Matrix,GC,Action,Atari,33,6.5,20,8.0,450000,2003,16,4,4830000
L.A. Noire,NS,Adventure,Rockstar Games,83,8.9,1207,8.0,450000,2017,7,5,7240000
Yakuza Kiwami,PS4,Adventure,Sega,73,8.0,848,8.0,450000,2017,9,2,580000
Sphinx and the Cursed Mummy,PS2,Adventure,THQ,28,7.8,28,7.1,450000,2003,5,3,710000
Scooby-Doo! Mystery Mayhem,PS2,Adventure,THQ,17,5.5,17,7.5,450000,2004,5,4,1260000
Dynasty Warriors: Strikeforce,PSP,Action,Tecmo Koei,28,6.5,12,7.1,450000,2009,40,3,970000
Tomb Raider: Underworld,Wii,Adventure,Eidos Interactive,57,7.6,129,7.5,450000,2008,21,6,3230000
Crash of the Titans,Wii,Action,Sierra Entertainment,25,6.5,102,7.0,450000,2007,56,5,2300000
Samurai Warriors: Xtreme Legends,PS2,Action,KOEI,17,7.2,6,8.7,450000,2004,42,1,450000
Terraria,PS3,Action-Adventure,505 Games,39,8.1,718,8.3,450000,2013,41,6,820000
Silent Hill: Homecoming,X360,Action,Konami,54,7.0,204,6.3,450000,2008,8,3,840000
Transformers: Fall of Cybertron,X360,Action,Activision,52,7.9,230,8.5,440000,2012,1,3,850000
Samurai Warriors 3,Wii,Action,Nintendo,26,5.5,22,7.6,440000,2010,10,1,440000
Spider-Man: Shattered Dimensions,PS3,Action,Activision,68,7.6,186,7.9,440000,2010,1,4,1230000
Metal Gear Solid HD Collection,PSV,Action,Konami Digital Entertainment,50,8.9,558,9.0,440000,2012,33,6,3180000
Ben 10 Alien Force: Vilgax Attacks,Wii,Action,D3 Publisher,9,6.1,30,7.6,440000,2009,34,5,1800000
Naughty Bear,PS3,Action,505 Games,51,4.3,40,5.0,440000,2010,41,2,850000
Scooby-Doo! Mystery Mayhem,GBA,Action,THQ,17,5.5,17,7.5,440000,2003,5,4,1260000
Robert Ludlum's The Bourne Conspiracy,X360,Action,Sierra Entertainment,72,7.1,46,6.5,440000,2008,56,2,830000
Spawn: Armageddon,PS2,Action,Namco,33,5.6,13,6.8,440000,2003,19,3,680000
Sleeping Dogs: Definitive Edition,PS4,Action,Square Enix,34,7.7,628,7.7,440000,2014,18,2,640000
50 Cent: Bulletproof,XB,Action,Vivendi Games,25,5.2,12,4.1,440000,2005,54,3,2300000
The Thing,PS2,Adventure,VU Games,27,7.8,45,7.2,440000,2002,37,3,640000
LEGO DC Super-Villains,NS,Action-Adventure,Warner Bros. Interactive Entertainment,43,7.4,155,7.3,440000,2018,14,3,1200000
Viking: Battle for Asgard,X360,Action,Sega,67,6.8,51,7.6,440000,2008,9,2,820000
Deadpool,X360,Action,Activision,49,6.2,477,7.4,440000,2013,1,4,1600000
Star Wars The Clone Wars: Republic Heroes,PS3,Action,LucasArts,37,4.3,34,6.0,440000,2009,12,7,2720000
Teenage Mutant Ninja Turtles 2: Battle Nexus,PS2,Action,Konami,25,4.7,30,6.5,440000,2004,8,4,1080000
Ninja Gaiden 3,PS3,Action,Tecmo Koei,43,5.8,173,5.1,440000,2012,40,2,690000
Van Helsing,PS2,Action,VU Games,41,6.4,22,6.8,440000,2004,37,3,720000
Ben 10 Alien Force: Vilgax Attacks,PSP,Action,D3 Publisher,9,6.1,30,7.6,430000,2009,34,5,1800000
LEGO Marvel's Avengers,PS3,Action,Warner Bros. Interactive Entertainment,70,7.1,242,7.3,430000,2016,14,7,3120000
"The Chronicles of Narnia: The Lion, The Witch and The Wardrobe",PS2,Adventure,Buena Vista,36,6.8,20,7.9,430000,2005,61,5,1760000
Primal,PS2,Action,Sony Computer Entertainment,36,7.3,55,8.7,430000,2003,6,1,430000
Asura's Wrath,PS3,Action,Capcom,54,7.1,229,7.1,430000,2012,11,2,690000
Nicktoons Unite!,GBA,Action,THQ,8,5.3,30,6.6,430000,2005,5,1,430000
Ghostbusters: The Video Game,PS2,Action,Atari,74,7.8,109,7.8,430000,2009,16,6,3340000
Hello Neighbor,XOne,Action,Gearbox Software,21,3.8,402,5.3,420000,2017,105,4,1010000
Dog's Life,PS2,Adventure,Hip Interactive,19,6.4,116,2.7,420000,2004,207,1,420000
Zack & Wiki: Quest for Barbaros' Treasure,Wii,Adventure,Capcom,59,8.7,73,7.7,420000,2007,11,1,420000
Harry Potter and the Goblet of Fire,GC,Adventure,Electronic Arts,29,6.8,67,5.3,420000,2005,2,7,2340000
Naruto: Ninja Council 3,DS,Action,D3 Publisher,23,5.6,10,5.8,420000,2007,34,1,420000
Superman: Shadow of Apokolips,PS2,Action,Atari,22,6.4,4,4.5,420000,2002,16,2,500000
Dishonored: Definitive Edition,PS4,Action,Bethesda Softworks,32,8.0,440,7.8,420000,2015,13,2,610000
The Suffering,PS2,Action,Midway Games,47,7.7,55,8.1,420000,2004,20,3,640000
Castlevania: Curse of Darkness,PS2,Action,Konami,30,7.0,89,8.2,420000,2005,8,2,540000
Avatar: The Last Airbender - The Burning Earth,PS2,Action,THQ,7,5.4,19,4.2,420000,2007,5,4,1140000
Ben 10 Alien Force: Vilgax Attacks,DS,Action,D3 Publisher,9,6.1,30,7.6,420000,2009,34,5,1800000
Saints Row IV: Re-Elected,PS4,Action,Deep Silver,39,7.1,88,6.9,420000,2015,43,2,660000
Star Wars Trilogy: Apprentice of the Force,GBA,Action,Ubisoft,21,6.0,6,6.3,420000,2004,4,1,420000
Star Wars The Clone Wars: Republic Heroes,PSP,Action,LucasArts,37,4.3,34,6.0,410000,2009,12,7,2720000
Marvel Super Hero Squad,DS,Adventure,THQ,16,4.9,12,5.8,410000,2009,5,4,1270000
Mortal Kombat: Deadly Alliance,GC,Action,Midway Games,31,7.9,108,7.4,410000,2002,20,1,410000
Crash of the Titans,PS2,Action,Sierra Entertainment,25,6.5,102,7.0,410000,2007,56,5,2300000
Naughty Bear,X360,Action,505 Games,51,4.3,40,5.0,410000,2010,41,2,850000
Minority Report: Everybody Runs,PS2,Action,Activision,26,5.0,13,6.3,410000,2002,1,4,650000
Tom Clancy's HAWX 2,PS3,Action,Ubisoft,57,6.8,34,6.5,410000,2010,4,4,920000
X-Men: The Official Game,PS2,Action,Activision,57,5.2,12,6.7,410000,2006,1,6,1010000
300: March to Glory,PSP,Action,Warner Bros. Interactive,31,5.5,29,6.2,410000,2007,22,1,410000
LEGO Harry Potter: Years 5-7,3DS,Action-Adventure,Warner Bros. Interactive,35,7.7,105,7.6,410000,2011,22,8,5020000
LEGO The Lord of the Rings,3DS,Action-Adventure,Warner Bros. Interactive Entertainment,49,8.0,174,7.9,410000,2012,14,1,410000
Transformers: Fall of Cybertron,PS3,Action,Activision,52,7.9,230,8.5,400000,2012,1,3,850000
Star Wars The Clone Wars: Republic Heroes,DS,Action,LucasArts,37,4.3,34,6.0,400000,2009,12,7,2720000
No More Heroes 2: Desperate Struggle,Wii,Action,Ubisoft,68,8.4,176,8.4,400000,2010,4,1,400000
James Cameron's Avatar: The Game,DS,Action,Ubisoft,62,6.1,59,6.2,400000,2009,4,6,3440000
Ghostbusters: The Video Game,DS,Action,Atari,74,7.8,109,7.8,400000,2009,16,6,3340000
Beowulf: The Game,X360,Action,Ubisoft,23,5.1,20,3.7,400000,2007,4,3,650000
Yu-Gi-Oh! 5D's Stardust Accelerator: World Championship 2009,DS,Action,Konami,8,7.3,17,7.0,400000,2009,8,1,400000
Transformers: The Game,PS3,Action,Activision,50,5.2,40,5.8,400000,2007,1,5,3340000
Spider-Man: Web of Shadows,X360,Action,Activision,57,6.8,139,8.4,400000,2008,1,6,1240000
Rampage: Total Destruction,GC,Action,Midway Games,34,5.1,13,7.0,400000,2006,20,3,980000
Overlord,X360,Adventure,Codemasters,47,7.6,65,7.9,400000,2007,30,2,420000
Sherlock Holmes: The Mystery of the Mummy,DS,Adventure,Focus Home Interactive,13,6.1,11,5.8,400000,2009,70,1,400000
Tomb Raider: Anniversary,X360,Action,Eidos Interactive,33,7.7,95,8.0,390000,2007,21,5,2340000
Iron Man 2,PS3,Action,Sega,35,4.1,28,4.0,390000,2010,9,5,1710000
LEGO Marvel's Avengers,X360,Action,Warner Bros. Interactive Entertainment,70,7.1,242,7.3,390000,2016,14,7,3120000
Super Monkey Ball: Step & Roll,Wii,Action,Sega,36,5.9,15,7.1,390000,2010,9,1,390000
The Evil Within 2,XOne,Action,Bethesda Softworks,71,7.6,1890,8.1,390000,2017,13,2,1440000
LEGO Star Wars III: The Clone Wars,PSP,Action,LucasArts,43,7.5,141,7.8,390000,2011,12,7,7330000
Star Wars The Clone Wars: Republic Heroes,X360,Action,LucasArts,37,4.3,34,6.0,390000,2009,12,7,2720000
Blood Omen 2,PS2,Action,Eidos Interactive,22,7.6,21,7.6,390000,2002,21,3,630000
Final Fantasy Crystal Chronicles: The Crystal Bearers,Wii,Adventure,Square Enix,53,6.6,60,6.1,390000,2009,18,1,390000
Batman: Arkham VR,PS4,Action,Warner Bros. Interactive Entertainment,64,7.4,195,7.2,390000,2016,14,1,390000
Ultimate Spider-Man,XB,Action,Activision,53,7.7,59,8.5,390000,2005,1,6,1940000
Fantastic Four: Rise of the Silver Surfer,PS2,Action,2K Games,30,4.5,13,6.3,390000,2007,24,5,740000
Zone of the Enders HD Collection,PS3,Action,Konami Digital Entertainment,27,7.3,62,7.8,390000,2012,33,2,600000
Robert Ludlum's The Bourne Conspiracy,PS3,Action,Sierra Entertainment,72,7.1,46,6.5,390000,2008,56,2,830000
Hitman: Blood Money,X360,Action,Eidos Interactive,53,8.2,221,8.5,390000,2006,21,4,1060000
Silent Hill: Homecoming,PS3,Action,Konami,54,7.0,204,6.3,390000,2008,8,3,840000
Hunter: The Reckoning,XB,Action,Interplay,28,7.9,10,6.4,380000,2002,79,2,480000
Saints Row: The Third,PC,Action,THQ,70,8.4,711,7.6,380000,2011,5,3,5630000
Iron Man 2,PSP,Action,Sega,35,4.1,28,4.0,380000,2010,9,5,1710000
Harry Potter and the Prisoner of Azkaban,GC,Adventure,Electronic Arts,29,7.0,80,7.9,380000,2004,2,5,2150000
Ghost Trick: Phantom Detective,DS,Adventure,Capcom,60,8.3,346,7.8,380000,2011,11,1,380000
Metal Gear Solid HD Collection,X360,Action,Konami,50,8.9,558,9.0,380000,2011,8,6,3180000
Looney Tunes: Acme Arsenal,PS2,Action,Warner Bros. Interactive,15,4.0,6,8.5,380000,2007,22,3,690000
Ice Age,GBA,Action,Ubisoft,11,4.7,10,5.9,380000,2002,4,1,380000
Headhunter,PS2,Action,Sega,24,7.4,17,8.4,380000,2002,9,1,380000
Viking: Battle for Asgard,PS3,Action,Sega,67,6.8,51,7.6,380000,2008,9,2,820000
Thief,PS3,Action,Square Enix,48,6.7,862,6.1,370000,2014,18,4,1980000
Overlord: Dark Legend,Wii,Adventure,Codemasters,30,6.8,12,7.3,370000,2009,30,1,370000
LEGO Batman 2: DC Super Heroes,PSV,Action-Adventure,Warner Bros. Interactive Entertainment,59,7.9,296,7.7,370000,2012,14,8,6410000
Spider-Man: Friend or Foe,PS2,Action,Activision,51,6.0,41,6.6,370000,2007,1,6,1460000
Harry Potter and the Order of the Phoenix,PSP,Adventure,Electronic Arts,38,6.8,41,5.3,370000,2007,2,7,2520000
Rise of the Tomb Raider,X360,Adventure,Square Enix,103,8.6,1885,8.1,370000,2015,18,2,2439999
Defiance,PS3,Action,Trion Worlds,40,6.4,665,6.5,370000,2013,181,1,370000
Tomb Raider: Legend,X360,Action,Eidos Interactive,54,8.0,150,7.9,370000,2006,21,7,1650000
Mini Ninjas,Wii,Action,Eidos Interactive,44,7.3,35,8.0,370000,2009,21,5,1360000
Warriors Orochi 2,PS3,Action,Tecmo Koei,28,4.4,14,8.0,370000,2012,40,5,870000
Ultimate Spider-Man,GC,Action,Activision,53,7.7,59,8.5,370000,2005,1,6,1940000
Prince of Persia: The Forgotten Sands,PSP,Action,Ubisoft,69,7.4,138,7.4,370000,2010,4,6,2100000
Rampage: Total Destruction,PS2,Action,Midway Games,34,5.1,13,7.0,370000,2006,20,3,980000
Dynasty Warriors 9,PS4,Action,Tecmo Koei,52,6.5,188,4.4,370000,2018,40,2,450000
The Golden Compass,PSP,Adventure,Sega,25,4.1,8,5.4,370000,2007,9,7,2840000
Life is Strange,PS4,Adventure,Square Enix,24,8.5,2889,8.6,370000,2016,18,3,540000
Marvel Super Hero Squad,Wii,Adventure,THQ,16,4.9,12,5.8,360000,2009,5,4,1270000
Hamtaro: Ham-Ham Heartbreak,GBA,Action,Nintendo,7,7.2,14,7.6,360000,2003,10,1,360000
Toukiden,PSV,Action,Tecmo Koei,44,7.1,134,8.4,360000,2014,40,2,540000
Tom Clancy's HAWX 2,X360,Action,Ubisoft,57,6.8,34,6.5,360000,2010,4,4,920000
The Wonderful 101,WiiU,Action,Nintendo,75,7.8,550,8.6,360000,2013,10,1,360000
Okami HD,PS4,Action,Capcom,44,9.0,451,8.9,360000,2017,11,4,600000
Harry Potter and the Chamber of Secrets,XB,Adventure,Electronic Arts,16,7.1,128,7.7,360000,2002,2,6,7640000
TMNT,Wii,Action,Ubisoft,31,5.8,30,6.2,360000,2007,4,4,1090000
Spider-Man: Shattered Dimensions,X360,Action,Activision,68,7.6,186,7.9,360000,2010,1,4,1230000
LEGO Pirates of the Caribbean: The Video Game,PSP,Action,Disney Interactive Studios,54,7.3,106,7.3,360000,2011,15,7,5510000
NBA 2K6,XB,Action,2K Sports,33,8.1,18,6.9,360000,2005,17,3,1470000
Assassin's Creed III,WiiU,Action-Adventure,Ubisoft,61,8.4,1940,7.0,360000,2012,4,4,13060000
Disney Infinity,3DS,Action-Adventure,Disney Interactive Studios,38,7.4,95,6.6,350000,2013,15,2,1020000
Gravity Rush 2,PS4,Action-Adventure,Sony Interactive Entertainment,100,8.0,720,8.1,350000,2017,53,1,350000
Disney's Tarzan: Return to the Jungle,GBA,Action,Activision,8,6.8,5,8.0,350000,2002,1,1,350000
Transformers: Dark of the Moon,PS3,Action,Activision,53,5.9,42,6.3,350000,2011,1,4,1020000
Star Wars: Flight of the Falcon,GBA,Action,THQ,13,3.9,4,4.0,350000,2003,5,1,350000
Hello Neighbor,PS4,Action,Gearbox Software,21,3.8,402,5.3,350000,2018,105,4,1010000
Chicken Shoot,Wii,Action,"Destination Software, Inc",9,2.7,16,6.1,350000,2007,85,2,390000
Dark Void,PS3,Action,Capcom,69,5.9,52,5.2,350000,2010,11,3,680000
Batman: Rise of Sin Tzu,PS2,Action,Ubisoft,21,6.3,15,6.8,350000,2003,4,4,590000
Charlie and the Chocolate Factory,PS2,Adventure,Global Star Software,21,3.5,10,3.8,350000,2005,65,4,940000
Mini Ninjas,PS3,Action,Eidos Interactive,44,7.3,35,8.0,340000,2009,21,5,1360000
Driver 2 Advance,GBA,Action,Atari,9,7.3,6,4.0,340000,2002,16,1,340000
Danganronpa: Trigger Happy Havoc,PSV,Adventure,NIS America,55,8.0,448,8.6,340000,2014,50,1,340000
Leisure Suit Larry: Magna Cum Laude,PS2,Adventure,VU Games,49,6.2,16,5.9,340000,2004,37,3,510000
Tim Burton's The Nightmare Before Christmas: Oogie's Revenge,PS2,Adventure,Buena Vista,34,6.5,23,7.6,340000,2005,61,2,430000
Dynasty Warriors 6 Empires,PS3,Action,KOEI,24,5.9,13,6.1,340000,2009,42,2,580000
Dynasty Warriors: Gundam 2,PS2,Action,Namco Bandai,30,4.9,14,5.7,340000,2009,27,3,1020000
Iron Man 2,DS,Action,Sega,35,4.1,28,4.0,340000,2010,9,5,1710000
Remember Me,PS3,Action,Capcom,42,7.0,321,7.5,340000,2013,11,2,530000
Mini Ninjas,DS,Action,Eidos Interactive,44,7.3,35,8.0,340000,2009,21,5,1360000
Dynasty Warriors 5 Empires,PS2,Action,KOEI,40,6.1,14,7.4,340000,2006,42,2,470000
Tenchu Z,X360,Action,Microsoft,51,5.6,46,7.7,340000,2007,49,1,340000
Avatar: The Last Airbender - The Burning Earth,DS,Action,THQ,7,5.4,19,4.2,340000,2007,5,4,1140000
Beyond Good & Evil,PS2,Adventure,Ubisoft,45,8.6,184,8.8,330000,2003,4,4,500000
Avatar: The Last Airbender,DS,Adventure,THQ,15,5.6,15,6.0,330000,2006,5,4,1220000
Teen Titans,GC,Action,THQ,12,5.6,30,7.1,330000,2006,5,3,750000
Mystery Case Files: The Malgrave Incident,Wii,Adventure,Nintendo,26,6.5,7,7.4,330000,2011,10,1,330000
The Adventures of Tintin: The Game,Wii,Adventure,Ubisoft,35,6.3,18,7.1,330000,2011,4,5,1000000
Alien: Isolation,PS3,Adventure,Sega,50,7.9,1696,8.3,330000,2014,9,5,2370000
Clock Tower 3,PS2,Adventure,Capcom,28,6.9,48,7.5,330000,2003,11,1,330000
Iron Man 2,Wii,Action,Sega,35,4.1,28,4.0,330000,2010,9,5,1710000
Binary Domain,PS3,Action,Sega,43,7.4,232,8.1,330000,2012,9,2,520000
Way of the Samurai 2,PS2,Action,Capcom,32,5.9,21,8.6,330000,2004,11,1,330000
Murdered: Soul Suspect,PS4,Action-Adventure,Square Enix,60,5.9,513,6.8,330000,2014,18,4,740000
Dishonored: Death of the Outsider,PS4,Action,Bethesda Softworks,49,8.2,332,7.2,330000,2017,13,2,470000
Hulk,XB,Action,Universal Interactive,28,7.1,21,6.9,330000,2003,62,4,1580000
Ninja Blade,X360,Action,Microsoft,65,6.8,44,6.3,330000,2009,49,2,330000
Golden Axe: Beast Rider,X360,Action,Sega,33,4.5,19,4.3,330000,2008,9,2,650000
LEGO Harry Potter Collection,NS,Action,Warner Bros. Interactive Entertainment,17,7.3,135,7.4,330000,2018,14,3,1430000
Naruto: Rise of a Ninja,X360,Action,Ubisoft,35,7.8,57,7.7,330000,2007,4,1,330000
Ultimate NES Remix,3DS,Action,Nintendo,16,6.9,48,7.5,330000,2014,10,1,330000
Harry Potter and the Half-Blood Prince,PS3,Action,Electronic Arts,38,6.4,36,4.5,330000,2009,2,7,3220000
Shenmue II,XB,Adventure,Microsoft,31,8.0,158,9.0,320000,2002,49,2,470000
Silent Hill: Downpour,X360,Adventure,Konami,41,6.4,394,6.8,320000,2012,8,2,790000
Prince of Persia: The Sands of Time,GC,Adventure,Ubisoft,44,9.2,559,8.6,320000,2003,4,5,3630000
Batman: Arkham Origins,WiiU,Action-Adventure,Warner Bros. Interactive Entertainment,46,7.4,1113,7.6,320000,2013,14,3,4620000
Teenage Mutant Ninja Turtles 2: Battle Nexus,GBA,Action,Konami,25,4.7,30,6.5,320000,2004,8,4,1080000
Elebits,Wii,Action,Konami,46,7.5,22,6.9,320000,2006,8,1,320000
Golden Axe: Beast Rider,PS3,Action,Sega,33,4.5,19,4.3,320000,2008,9,2,650000
Phineas and Ferb: Across the 2nd Dimension,PS3,Action,Disney Interactive Studios,13,6.3,23,7.1,320000,2011,15,3,1440000
Dead Rising 2: Off the Record,PS3,Action,Capcom,48,7.2,85,7.7,320000,2011,11,2,590000
Silent Hill HD Collection,PS3,Action,Konami Digital Entertainment,33,7.0,199,4.8,320000,2012,33,2,510000
LEGO The Incredibles,XOne,Action,Warner Bros. Interactive Entertainment,35,6.9,77,5.7,320000,2018,14,3,1480000
Overlord II,X360,Action,Codemasters,60,7.5,70,7.3,320000,2009,30,3,670000
LEGO Marvel's Avengers,WiiU,Action,Warner Bros. Interactive Entertainment,70,7.1,242,7.3,320000,2016,14,7,3120000
Overlord II,PS3,Action,Codemasters,60,7.5,70,7.3,320000,2009,30,3,670000
Crash of the Titans,X360,Action,Sierra Entertainment,25,6.5,102,7.0,320000,2007,56,5,2300000
Dark Void,X360,Action,Capcom,69,5.9,52,5.2,310000,2010,11,3,680000
Mega Man Battle Network 2,GBA,Action,Ubisoft,15,8.1,45,7.0,310000,2002,4,1,310000
Harry Potter and the Half-Blood Prince,X360,Action,Electronic Arts,38,6.4,36,4.5,310000,2009,2,7,3220000
Hitman,XOne,Action,Square Enix,41,8.4,585,7.8,310000,2017,18,2,1090000
Happy Feet,DS,Adventure,Midway Games,11,4.6,8,6.1,310000,2006,20,3,700000
Silent Hill: Shattered Memories,PSP,Adventure,Konami,56,7.9,252,7.6,310000,2010,8,3,1370000
Blade II,PS2,Action,Activision,21,4.9,17,6.1,310000,2002,1,2,440000
Disney's Stitch: Experiment 626,PS2,Action,Disney Interactive Studios,17,5.9,9,6.8,310000,2002,15,1,310000
MySims SkyHeroes,DS,Action,Electronic Arts,16,6.2,5,4.2,310000,2010,2,4,830000
Manhunt 2,PSP,Action,Rockstar Games,38,6.2,60,7.4,310000,2007,7,3,1410000
The Matrix: Path of Neo,XB,Action,Atari,42,6.9,66,7.6,310000,2005,16,3,800000
Mortal Kombat: Shaolin Monks,XB,Action,Midway Games,41,7.7,238,8.8,310000,2005,20,2,1000000
Clash of the Titans: The Videogame,PS3,Action,Namco Bandai,31,4.2,14,4.1,310000,2010,27,2,470000
Star Wars Episode III: Revenge of the Sith,DS,Action,Ubisoft,44,6.1,48,7.8,310000,2005,4,4,5590000
KISS Pinball,PS,Action,Take-Two Interactive,7,2.6,5,4.0,310000,2001,45,1,310000
Sonic Boom: Rise of Lyric,WiiU,Action-Adventure,Sega,28,3.2,752,3.7,310000,2014,9,1,310000
The LEGO Movie Videogame,PSV,Action-Adventure,Warner Bros. Interactive Entertainment,31,7.1,177,7.0,310000,2014,14,7,5350000
Sorcery,PS3,Action-Adventure,Sony Computer Entertainment,52,7.0,60,7.6,300000,2012,6,1,300000
Dynasty Warriors 6,X360,Action,KOEI,42,6.0,28,6.9,300000,2008,42,3,1260000
Ultimate Spider-Man,GBA,Action,Activision,53,7.7,59,8.5,300000,2005,1,6,1940000
Resident Evil: Revelations 2,PS3,Action,Capcom,30,7.5,674,7.6,300000,2015,11,5,1240000
Looney Tunes: Duck Amuck,DS,Action,Warner Bros. Interactive,16,6.6,4,7.0,300000,2007,22,1,300000
Charlie and the Chocolate Factory,GBA,Adventure,Global Star Software,21,3.5,10,3.8,300000,2005,65,4,940000
Neopets: The Darkest Faerie,PS2,Adventure,Sony Computer Entertainment,18,6.1,12,8.7,300000,2005,6,1,300000
Fist of the North Star: Ken's Rage 2,PS3,Action,Tecmo Koei,19,4.9,24,7.3,300000,2013,40,3,380000
Chaos Legion,PS2,Action,Capcom,34,6.5,45,7.2,300000,2003,11,2,300000
LEGO Marvel's Avengers,3DS,Action,Warner Bros. Interactive Entertainment,70,7.1,242,7.3,300000,2016,14,7,3120000
LEGO DC Super-Villains,XOne,Action-Adventure,Warner Bros. Interactive Entertainment,43,7.4,155,7.3,300000,2018,14,3,1200000
MySims SkyHeroes,Wii,Action,Electronic Arts,16,6.2,5,4.2,300000,2010,2,4,830000
24: The Game,PS2,Adventure,2K Games,53,6.2,29,7.7,300000,2006,24,1,300000
Harry Potter and the Order of the Phoenix,X360,Adventure,Electronic Arts,38,6.8,41,5.3,300000,2007,2,7,2520000
Assassin's Creed IV: Black Flag,WiiU,Action-Adventure,Ubisoft,36,8.8,2065,8.3,290000,2013,4,6,13710000
Sherlock Holmes: Crimes & Punishments,PS4,Adventure,Focus Home Interactive,36,7.3,295,7.3,290000,2014,70,4,490000
The Golden Compass,PS3,Adventure,Sega,25,4.1,8,5.4,290000,2007,9,7,2840000
Just Cause 4,XOne,Action-Adventure,Square Enix,49,6.8,510,4.7,290000,2018,18,2,850000
Lupin the 3rd: Treasure of the Sorcerer King,PS2,Adventure,Bandai,16,6.7,4,6.5,290000,2004,31,1,290000
Alien: Isolation,X360,Adventure,Sega,50,7.9,1696,8.3,290000,2014,9,5,2370000
Majin and the Forsaken Kingdom,PS3,Adventure,Namco Bandai,49,7.2,53,7.9,290000,2010,27,2,480000
Dead Rising: Chop Till You Drop,Wii,Action,Capcom,30,6.1,20,5.9,290000,2009,11,1,290000
Nicktoons: Battle for Volcano Island,GC,Action,THQ,7,5.9,19,7.3,290000,2006,5,2,580000
LEGO Harry Potter: Years 5-7,PSP,Action,Warner Bros. Interactive,35,7.7,105,7.6,290000,2011,22,8,5020000
Sengoku Basara: Samurai Heroes,Wii,Action,Capcom,37,6.1,44,8.0,290000,2010,11,2,930000
Warriors Orochi 2,PSP,Action,KOEI,28,4.4,14,8.0,290000,2009,42,5,870000
Spider-Man: Friend or Foe,X360,Action,Activision,51,6.0,41,6.6,290000,2007,1,6,1460000
Ben 10 Alien Force: Vilgax Attacks,PS2,Action,D3 Publisher,9,6.1,30,7.6,290000,2009,34,5,1800000
Nicktoons: Battle for Volcano Island,DS,Action,THQ,7,5.9,19,7.3,290000,2006,5,2,580000
Dynasty Warriors: Strikeforce,PS3,Action,Tecmo Koei,28,6.5,12,7.1,290000,2010,40,3,970000
Kenka Bancho: Badass Rumble,PSP,Action,Atlus,21,7.0,7,7.3,290000,2009,32,1,290000
Trace Memory,DS,Adventure,Nintendo,51,7.0,39,7.6,290000,2005,10,1,290000
Marvel Super Hero Squad,PS2,Adventure,THQ,16,4.9,12,5.8,290000,2009,5,4,1270000
Mini Ninjas,X360,Action,Eidos Interactive,44,7.3,35,8.0,290000,2009,21,5,1360000
Viewtiful Joe,PS2,Action,Capcom,52,9.3,124,7.7,280000,2004,11,2,900000
Darksiders,PS3,Action,THQ,81,8.3,342,7.8,280000,2010,5,3,1490000
Medieval Moves: Deadmund's Quest,PS3,Action,Sony Computer Entertainment,41,6.1,20,7.4,280000,2011,6,1,280000
Harry Potter and the Sorcerer's Stone,PS2,Action,Electronic Arts,14,5.6,70,6.5,280000,2003,2,6,3910000
Transformers: Dark of the Moon,X360,Action,Activision,53,5.9,42,6.3,280000,2011,1,4,1020000
Thief,X360,Action,Square Enix,48,6.7,862,6.1,280000,2014,18,4,1980000
True Crime: New York City,XB,Action,Activision,47,6.0,65,7.2,280000,2005,1,4,1210000
Jackass the Game,PS2,Action,Red Mile Entertainment,24,5.8,22,6.9,280000,2007,237,2,500000
El Shaddai: Ascension of the Metatron,PS3,Action,Ignition Entertainment,46,7.8,52,7.3,280000,2011,102,2,440000
The Warriors,XB,Action,Rockstar Games,55,8.5,47,7.9,280000,2005,7,3,1090000
Bladestorm: The Hundred Years' War,PS3,Action,KOEI,26,6.3,12,5.8,280000,2007,42,2,370000
X-Men: Reign of Apocalypse,GBA,Action,Activision,10,6.1,15,7.1,280000,2001,1,1,280000
"The Chronicles of Narnia: The Lion, The Witch and The Wardrobe",GC,Adventure,Buena Vista,36,6.8,20,7.9,280000,2005,61,5,1760000
The Adventures of Jimmy Neutron Boy Genius: Attack of the Twonkies,GC,Adventure,THQ,8,6.5,6,8.8,280000,2004,5,3,1280000
Avatar: The Last Airbender,Wii,Adventure,THQ,15,5.6,15,6.0,280000,2006,5,4,1220000
Myst III: Exile,PS2,Adventure,Ubisoft,22,8.3,56,8.1,280000,2002,4,3,340000
Onechanbara Z2: Chaos,PS4,Action,NIS America,40,5.7,102,7.1,280000,2015,50,1,280000
The Warriors,PSP,Action,Rockstar Games,55,8.5,47,7.9,280000,2007,7,3,1090000
Indiana Jones and the Staff of Kings,PS2,Action,LucasArts,32,5.5,23,7.3,280000,2009,12,4,1510000
Gundam Versus,PS4,Action,Namco Bandai Games,32,6.8,52,6.4,280000,2017,29,1,280000
Pirates of the Caribbean: Dead Man's Chest,PSP,Adventure,Buena Vista,34,5.2,8,6.9,280000,2006,61,3,1010000
Dragon Ball GT: Transformation,GBA,Action,Atari,12,6.9,26,6.7,280000,2005,16,1,280000
Silent Hill 2: Restless Dreams,XB,Action,Konami,23,8.4,69,8.7,280000,2001,8,1,280000
LEGO The Hobbit,XOne,Action-Adventure,Warner Bros. Interactive Entertainment,47,7.2,155,6.7,270000,2014,14,7,2460000
Metal Gear Solid V: Ground Zeroes,XOne,Action-Adventure,Konami Digital Entertainment,70,7.5,1631,6.5,270000,2014,33,4,2200000
Family Guy: Back to the Multiverse,PS3,Action-Adventure,Activision,28,3.9,65,5.3,270000,2012,1,2,520000
Batman: Arkham Origins Blackgate,3DS,Action-Adventure,Warner Bros. Interactive Entertainment,38,6.1,154,6.7,270000,2013,14,2,750000
Robinson: The Journey,PS4,Action-Adventure,Sony Interactive Entertainment,46,6.4,97,6.7,270000,2016,53,1,270000
Shenmue I & II,PS4,Action-Adventure,Sega,36,7.5,282,8.5,270000,2018,9,2,340000
Marvel Super Hero Squad: The Infinity Gauntlet,Wii,Action,THQ,10,5.5,9,6.3,270000,2010,5,5,910000
One Piece: Pirate Warriors 3,PS3,Action,Tecmo Koei,34,7.4,209,7.6,270000,2015,40,2,450000
Fantastic 4,XB,Action,Activision,46,6.2,7,3.9,270000,2005,1,3,1010000
Dead Rising 2: Off the Record,X360,Action,Capcom,48,7.2,85,7.7,270000,2011,11,2,590000
Iron Man 2,X360,Action,Sega,35,4.1,28,4.0,270000,2010,9,5,1710000
Friday the 13th: The Game,XOne,Action,Gun Media,26,6.1,293,6.3,270000,2017,218,2,750000
Shadows of the Damned,PS3,Action,Electronic Arts,76,7.6,189,8.3,270000,2011,2,2,460000
Rocky: Legends,PS2,Action,Ubisoft,24,6.5,10,8.3,270000,2004,4,1,270000
Shadow of Rome,PS2,Action,Capcom,52,7.5,90,8.5,270000,2005,11,1,270000
LEGO Jurassic World,PSV,Action,Warner Bros. Interactive Entertainment,46,7.0,201,7.2,270000,2015,14,7,5680000
Fate/Extella: The Umbral Star,PS4,Action,Xseed Games,33,6.7,59,6.9,270000,2017,59,3,630000
Assassin's Creed: Altair's Chronicles,DS,Action,Ubisoft,30,5.8,38,5.1,270000,2008,4,2,320000
Harry Potter and the Order of the Phoenix,PS2,Adventure,Electronic Arts,38,6.8,41,5.3,270000,2007,2,7,2520000
Peter Jackson's King Kong: The Official Game of the Movie,X360,Action,Ubisoft,57,8.0,94,7.8,260000,2005,4,6,3390000
Indiana Jones and the Staff of Kings,PSP,Action,LucasArts,32,5.5,23,7.3,260000,2009,12,4,1510000
Assassin's Creed Syndicate,PC,Action,Ubisoft,88,7.6,2665,6.9,260000,2015,4,3,5300000
Spider-Man: Web of Shadows,PS3,Action,Activision,57,6.8,139,8.4,260000,2008,1,6,1240000
Asura's Wrath,X360,Action,Capcom,54,7.1,229,7.1,260000,2012,11,2,690000
Drakan: The Ancients' Gates,PS2,Adventure,Sony Computer Entertainment,31,7.8,33,8.2,260000,2002,6,1,260000
Pirates of the Caribbean: Dead Man's Chest,DS,Adventure,Buena Vista,34,5.2,8,6.9,260000,2006,61,3,1010000
The Adventures of Tintin: The Game,PS3,Adventure,Ubisoft,35,6.3,18,7.1,260000,2011,4,5,1000000
Batman: Vengeance,GC,Adventure,Ubisoft,19,6.8,18,6.9,260000,2001,4,3,990000
ReCore,XOne,Action-Adventure,Microsoft Studios,78,6.3,661,6.8,260000,2016,28,1,260000
Tom Clancy's Splinter Cell: Double Agent,PS3,Action,Ubisoft,59,8.5,146,7.7,260000,2007,4,5,1230000
Tokyo Jungle,PS3,Action,Sony Computer Entertainment,60,7.4,118,8.1,260000,2020,6,1,260000
Dishonored 2,PC,Action,Bethesda Softworks,67,8.8,1828,8.0,260000,2016,13,3,3090000
Resident Evil: Deadly Silence,DS,Action,Capcom,41,7.1,48,7.7,260000,2006,11,1,260000
Dynasty Warriors Next,PSV,Action,Tecmo Koei,35,6.7,78,7.5,260000,2012,40,1,260000
Deadly Premonition,X360,Action,Ignition Entertainment,39,6.8,263,8.1,260000,2010,102,1,260000
Superman Returns,X360,Action,Electronic Arts,48,5.1,25,4.2,260000,2006,2,2,330000
Dynasty Warriors 6,PS2,Action,KOEI,42,6.0,28,6.9,250000,2008,42,3,1260000
LEGO Star Wars III: The Clone Wars,PC,Action,LucasArts,43,7.5,141,7.8,250000,2011,12,7,7330000
Star Wars The Clone Wars: Republic Heroes,PS2,Action,LucasArts,37,4.3,34,6.0,250000,2009,12,7,2720000
Teen Titans,PS2,Action,THQ,12,5.6,30,7.1,250000,2006,5,3,750000
Ratchet & Clank: Full Frontal Assault,PS3,Action,Sony Computer Entertainment,52,6.4,170,7.1,250000,2012,6,2,250000
Prison Break: The Conspiracy,PS3,Adventure,Deep Silver,37,4.0,24,5.1,250000,2010,43,3,460000
Danganronpa V3: Killing Harmony,PS4,Adventure,NIS America,45,8.1,344,7.6,250000,2017,50,2,430000
Pirates of the Caribbean: The Legend of Jack Sparrow,PS2,Adventure,Bethesda Softworks,32,5.1,15,6.8,250000,2006,13,1,250000
LEGO The Hobbit,3DS,Action-Adventure,Warner Bros. Interactive Entertainment,47,7.2,155,6.7,250000,2014,14,7,2460000
Spirit Camera: The Cursed Memoir,3DS,Action-Adventure,Nintendo,35,5.4,37,6.3,250000,2012,10,1,250000
Happy Feet,GC,Adventure,Midway Games,11,4.6,8,6.1,250000,2006,20,3,700000
Family Guy: Back to the Multiverse,X360,Action-Adventure,Activision,28,3.9,65,5.3,250000,2012,1,2,520000
Bomberman Generation,GC,Adventure,Majesco,19,8.1,23,8.4,250000,2002,26,1,250000
L.A. Noire,XOne,Adventure,Rockstar Games,83,8.9,1207,8.0,250000,2017,7,5,7240000
The Outfit,X360,Action,THQ,52,7.0,17,7.7,250000,2006,5,1,250000
Spider-Man: Edge of Time,X360,Action,Activision,50,5.7,64,7.1,250000,2011,1,5,830000
Avatar: The Last Airbender - The Burning Earth,Wii,Action,THQ,7,5.4,19,4.2,250000,2007,5,4,1140000
Devil Kings,PS2,Action,Capcom,27,6.4,12,8.1,250000,2005,11,1,250000
Darksiders III,PS4,Action,THQ Nordic,60,6.4,609,7.0,250000,2018,125,3,380000
Ninja Gaiden 3,X360,Action,Tecmo Koei,43,5.8,173,5.1,250000,2012,40,2,690000
Indiana Jones and the Staff of Kings,DS,Action,LucasArts,32,5.5,23,7.3,250000,2009,12,4,1510000
Spider-Man: Web of Shadows,Wii,Action,Activision,57,6.8,139,8.4,250000,2008,1,6,1240000
NHL 08,X360,Action,Electronic Arts,44,8.5,6,6.7,250000,2007,2,1,250000
Saints Row IV: Re-Elected,XOne,Action,Deep Silver,39,7.1,88,6.9,240000,2015,43,2,660000
The Escapists 2,PS4,Action,Sold Out,30,7.5,69,7.0,240000,2017,172,3,440000
Peter Jackson's King Kong: The Official Game of the Movie,GC,Action,Ubisoft,57,8.0,94,7.8,240000,2005,4,6,3390000
X-Men: Destiny,PS3,Action,Activision,51,4.7,78,4.9,240000,2011,1,4,640000
Disney's A Christmas Carol,DS,Adventure,Disney Interactive Studios,7,6.6,6,6.5,240000,2009,15,1,240000
A Way Out,XOne,Action,Electronic Arts,66,7.8,1423,7.9,240000,2018,2,2,720000
Ghost Rider,PSP,Action,2K Games,37,5.4,46,7.4,240000,2007,24,1,240000
X-Men: Destiny,X360,Action,Activision,51,4.7,78,4.9,240000,2011,1,4,640000
Azurik: Rise of Perathia,XB,Action,Microsoft,26,5.2,6,7.0,240000,2001,49,1,240000
G.I. Joe: The Rise of Cobra,X360,Action,Electronic Arts,59,4.2,9,5.3,240000,2009,2,6,1090000
Transformers: Devastation,PS4,Action,Activision,51,7.7,251,7.7,240000,2015,1,5,640000
God of War Collection,PSV,Action,Sony Computer Entertainment,50,9.1,730,8.8,240000,2014,6,1,240000
Fantastic 4,GC,Action,Activision,46,6.2,7,3.9,240000,2005,1,3,1010000
Spider-Man: Shattered Dimensions,Wii,Action,Activision,68,7.6,186,7.9,240000,2010,1,4,1230000
Afro Samurai,X360,Action,Namco Bandai,70,6.5,47,5.9,240000,2009,27,2,440000
Dynasty Warriors 6 Empires,X360,Action,KOEI,24,5.9,13,6.1,240000,2009,42,2,580000
Prince of Persia: The Forgotten Sands,Wii,Action,Ubisoft,69,7.4,138,7.4,240000,2010,4,6,2100000
Darksiders II: Deathinitive Edition,PS4,Action-Adventure,Nordic Games,28,7.2,307,7.4,240000,2015,104,2,320000
The Testament of Sherlock Holmes,PS3,Adventure,Focus Home Interactive,24,6.4,42,8.0,240000,2012,70,2,260000
The Adventures of Tintin: The Game,X360,Adventure,Ubisoft,35,6.3,18,7.1,240000,2011,4,5,1000000
Harry Potter and the Order of the Phoenix,PS3,Adventure,Electronic Arts,38,6.8,41,5.3,240000,2007,2,7,2520000
Hello Neighbor,NS,Action,Gearbox Software,21,3.8,402,5.3,240000,2018,105,4,1010000
Genma Onimusha,XB,Action,Capcom,27,8.3,17,8.7,240000,2002,11,1,240000
Dynasty Warriors 7,X360,Action,Tecmo Koei,25,5.7,70,7.3,240000,2011,40,2,1150000
Genji: Dawn of the Samurai,PS2,Action,Sony Computer Entertainment,49,7.4,35,8.7,230000,2005,6,1,230000
Attack on Titan 2,NS,Action,Koei Tecmo,50,7.5,105,7.5,230000,2018,191,4,570000
Looney Tunes: Acme Arsenal,Wii,Action,Warner Bros. Interactive,15,4.0,6,8.5,230000,2007,22,3,690000
Harry Potter and the Goblet of Fire,DS,Adventure,Electronic Arts,29,6.8,67,5.3,230000,2005,2,7,2340000
Harry Potter and the Goblet of Fire,XB,Adventure,Electronic Arts,29,6.8,67,5.3,230000,2005,2,7,2340000
The Lord of the Rings: Aragorn's Quest,Wii,Action,Warner Bros. Interactive,21,5.8,18,7.6,230000,2010,22,5,710000
Buffy the Vampire Slayer,XB,Action,Electronic Arts,30,7.9,27,6.8,230000,2002,2,1,230000
RIGS: Mechanized Combat League,PS4,Action,Sony Interactive Entertainment,45,7.8,126,7.6,230000,2016,53,1,230000
LEGO The Hobbit,WiiU,Action-Adventure,Warner Bros. Interactive Entertainment,47,7.2,155,6.7,230000,2014,14,7,2460000
The Polar Express,PS2,Adventure,THQ,10,3.9,16,6.9,230000,2004,5,3,530000
Corpse Party: Blood Drive,PSV,Adventure,Xseed Games,19,6.0,72,7.6,230000,2015,59,1,230000
No Man's Sky,XOne,Action-Adventure,505 Games,100,7.1,5261,5.5,230000,2018,41,2,2490000
Saint Seiya: Sanctuary Battle,PS3,Action,Namco Bandai Games,14,6.2,51,7.9,230000,2012,29,1,230000
Rogue Ops,PS2,Action,Kemco,26,6.1,6,8.2,230000,2003,138,3,410000
NBA 2K6,X360,Action,2K Sports,33,8.1,18,6.9,230000,2005,17,3,1470000
Mafia,XB,Action,Gathering of Developers,33,6.6,234,8.4,230000,2004,143,3,970000
Dynasty Warriors: Strikeforce,X360,Action,Tecmo Koei,28,6.5,12,7.1,230000,2010,40,3,970000
The Scorpion King: Rise of the Akkadian,PS2,Action,Universal Interactive,12,4.7,4,5.5,230000,2002,62,2,340000
WWE All Stars,3DS,Action,THQ,64,7.5,62,7.3,230000,2011,5,1,230000
Tom Clancy's Splinter Cell,GC,Action,Ubisoft,46,9.3,196,8.5,230000,2003,4,3,5900000
The Incredible Hulk: Ultimate Destruction,XB,Action,VU Games,47,8.4,21,7.6,230000,2005,37,3,920000
Spider-Man: Edge of Time,PS3,Action,Activision,50,5.7,64,7.1,230000,2011,1,5,830000
Metal Gear Survive,PS4,Action,Konami Digital Entertainment,73,6.0,1108,1.5,230000,2018,33,2,310000
Silent Hill: Book of Memories,PSV,Action,Konami Digital Entertainment,57,5.8,137,4.8,230000,2012,33,2,250000
Hitman 2,XOne,Action-Adventure,Warner Bros. Interactive Entertainment,74,8.2,972,8.4,220000,2018,14,2,730000
Judgment,PS4,Action-Adventure,Sega,89,8.0,639,8.5,220000,2019,9,1,220000
Cloudy With a Chance of Meatballs,DS,Adventure,Ubisoft,12,6.2,12,6.8,220000,2009,4,4,490000
Scooby-Doo! Mystery Mayhem,GC,Adventure,THQ,17,5.5,17,7.5,220000,2004,5,4,1260000
Herdy Gerdy,PS2,Adventure,Eidos Interactive,24,6.9,8,5.9,220000,2002,21,1,220000
Def Jam: Fight for NY,GC,Action,Electronic Arts,46,8.3,153,8.9,220000,2004,2,1,220000
Ben 10 Alien Force: Vilgax Attacks,X360,Action,D3 Publisher,9,6.1,30,7.6,220000,2009,34,5,1800000
The Wolf Among Us,PS4,Adventure,Telltale Games,13,8.0,1181,8.7,220000,2014,83,4,440000
Jackass the Game,PSP,Action,Red Mile Entertainment,24,5.8,22,6.9,220000,2007,237,2,500000
Marvel Super Hero Squad: The Infinity Gauntlet,DS,Action,THQ,10,5.5,9,6.3,220000,2010,5,5,910000
Bladestorm: Nightmare,PS4,Action,Tecmo Koei,33,5.8,29,5.9,220000,2015,40,3,330000
Transformers: Dark of the Moon,3DS,Action,Activision,53,5.9,42,6.3,220000,2011,1,4,1020000
From Russia With Love,GC,Action,Electronic Arts,34,7.1,18,7.1,220000,2005,2,2,420000
LEGO Harry Potter Collection,XOne,Action,Warner Bros. Interactive Entertainment,17,7.3,135,7.4,220000,2018,14,3,1430000
Deadpool,XOne,Action,Activision,49,6.2,477,7.4,220000,2015,1,4,1600000
The Suffering,XB,Action,Midway Games,47,7.7,55,8.1,220000,2004,20,3,640000
Dead by Daylight,PS4,Action,505 Games,18,6.4,613,5.4,220000,2017,41,2,340000
LEGO Harry Potter: Years 5-7,PC,Action,Warner Bros. Interactive,35,7.7,105,7.6,220000,2011,22,8,5020000
Spartan: Total Warrior,PS2,Action,Sega,36,7.3,21,8.3,220000,2005,9,3,420000
G.I. Joe: The Rise of Cobra,Wii,Action,Electronic Arts,59,4.2,9,5.3,220000,2009,2,6,1090000
Viewtiful Joe 2,GC,Action,Capcom,39,8.6,25,7.2,220000,2004,11,2,430000
Attack on Titan 2,PS4,Action,Koei Tecmo,50,7.5,105,7.5,220000,2018,191,4,570000
Deadly Creatures,Wii,Action,THQ,45,7.2,26,7.9,220000,2009,5,1,220000
Star Wars: The Force Unleashed II,DS,Action,LucasArts,59,6.1,318,6.1,220000,2010,12,5,3980000
Way of the Samurai 3,X360,Action,UFO Interactive,22,5.5,20,7.0,210000,2009,111,2,730000
JSRF: Jet Set Radio Future,XB,Action,Sega,36,8.8,119,8.8,210000,2002,9,1,210000
7 Days to Die,PS4,Action,Telltale Games,17,3.5,225,5.7,210000,2016,83,2,330000
Tenchu: Return From Darkness,XB,Action,Activision,55,7.0,8,7.5,210000,2004,1,1,210000
Vampire Rain,X360,Action,AQ Interactive,45,3.8,30,3.5,210000,2007,325,1,210000
Anarchy Reigns,PS3,Action,Sega,38,7.3,121,7.9,210000,2013,9,2,390000
Rampage: Total Destruction,Wii,Action,Midway Games,34,5.1,13,7.0,210000,2006,20,3,980000
Disaster Report,PS2,Action,Agetec,28,6.6,10,6.9,210000,2003,66,1,210000
Devil May Cry HD Collection,PS4,Action,Capcom,32,7.7,177,8.2,210000,2018,11,2,250000
Fate/Extella: The Umbral Star,NS,Action,Xseed Games,33,6.7,59,6.9,210000,2017,59,3,630000
Frogger 3D,3DS,Action,Konami,11,5.4,11,6.1,210000,2011,8,1,210000
Viewtiful Joe 2,PS2,Action,Capcom,39,8.6,25,7.2,210000,2004,11,2,430000
Shadow of Destiny,PS2,Adventure,Konami,18,7.8,29,8.3,210000,2001,8,3,320000
Prison Break: The Conspiracy,X360,Adventure,Deep Silver,37,4.0,24,5.1,210000,2010,43,3,460000
Cursed Mountain,Wii,Adventure,Deep Silver,51,6.7,17,7.1,210000,2009,43,1,210000
Marvel Super Hero Squad,PSP,Adventure,THQ,16,4.9,12,5.8,210000,2009,5,4,1270000
Spider-Man: Web of Shadows,PS2,Action,Activision,57,6.8,139,8.4,210000,2008,1,6,1240000
Batman Begins,XB,Action,Electronic Arts,56,6.5,29,7.7,210000,2005,2,4,1090000
G.I. Joe: The Rise of Cobra,PS3,Action,Electronic Arts,59,4.2,9,5.3,210000,2009,2,6,1090000
Evil Dead: Regeneration,PS2,Action,THQ,34,6.6,12,6.8,210000,2005,5,2,290000
Tenchu: Shadow Assassins,Wii,Action,Ubisoft,35,7.0,25,6.4,210000,2009,4,2,330000
LBX: Little Battlers eXperience,3DS,Action,Nintendo,23,7.3,62,7.5,210000,2015,10,1,210000
X2: Wolverine's Revenge,XB,Action,Activision,27,5.8,6,5.0,210000,2003,1,3,970000
Zone of the Enders HD Collection,X360,Action,Konami Digital Entertainment,27,7.3,62,7.8,210000,2012,33,2,600000
Project: Snowblind,PS2,Action,Eidos Interactive,54,7.8,18,6.6,210000,2005,21,2,320000
State of Decay: Year One Survival Edition,XOne,Action-Adventure,Microsoft Studios,47,7.2,201,6.9,210000,2015,28,1,210000
Tom Clancy's Splinter Cell: Blacklist,PC,Action-Adventure,Ubisoft,58,8.2,500,7.6,210000,2013,4,4,2320000
Conan Exiles,PS4,Action-Adventure,Maximum Games,33,6.8,258,5.5,210000,2018,141,2,270000
Batman: Return to Arkham,XOne,Action,Warner Bros. Interactive Entertainment,28,7.3,479,8.3,200000,2016,14,2,840000
Way of the Samurai 4,PS3,Action,Acquire,25,5.8,25,7.4,200000,2011,189,1,200000
Predator: Concrete Jungle,PS2,Action,VU Games,17,4.6,14,7.1,200000,2005,37,2,300000
God Eater Resurrection,PSV,Action,Namco Bandai Games,18,7.0,91,6.9,200000,2016,29,2,290000
LEGO Harry Potter: Years 5-7,PSV,Action,Warner Bros. Interactive Entertainment,35,7.7,105,7.6,200000,2012,14,8,5020000
Kung Fu Rider,PS3,Action,Sony Computer Entertainment,45,3.6,24,4.6,200000,2010,6,1,200000
Code of Princess,3DS,Action-Adventure,Atlus,38,6.7,87,7.3,200000,2012,32,1,200000
Castlevania: Lords of Shadow 2,PS3,Action-Adventure,Konami Digital Entertainment,55,6.3,639,7.7,200000,2014,33,2,290000
Sleeping Dogs: Definitive Edition,XOne,Action-Adventure,Square Enix,34,7.7,628,7.7,200000,2014,18,2,640000
"The Chronicles of Narnia: The Lion, The Witch and The Wardrobe",XB,Adventure,Buena Vista,36,6.8,20,7.9,200000,2005,61,5,1760000
Eagle Flight,PS4,Adventure,Ubisoft,36,7.3,52,6.8,200000,2016,4,1,200000
Prince of Persia: Warrior Within,GC,Adventure,Ubisoft,55,8.3,113,8.5,200000,2004,4,4,2640000
The Thing,XB,Adventure,VU Games,27,7.8,45,7.2,200000,2002,37,3,640000
Dragon Ball: Revenge of King Piccolo,Wii,Action,Namco Bandai,25,6.5,19,7.8,200000,2009,27,1,200000
Teenage Mutant Ninja Turtles 3: Mutant Nightmare,PS2,Action,Konami,20,5.3,17,7.4,200000,2005,8,4,420000
Dante's Inferno,PSP,Action,Electronic Arts,71,7.3,283,7.7,200000,2010,2,3,2200000
Afro Samurai,PS3,Action,Namco Bandai,70,6.5,47,5.9,200000,2009,27,2,440000
Warriors Orochi,X360,Action,KOEI,27,5.3,19,8.0,200000,2007,42,4,1270000
Warriors Orochi,PSP,Action,KOEI,27,5.3,19,8.0,200000,2008,42,4,1270000
From Russia With Love,XB,Action,Electronic Arts,34,7.1,18,7.1,200000,2005,2,2,420000
Forgotten Realms: Demon Stone,PS2,Action,Atari,40,7.1,17,7.8,200000,2004,16,3,290000
Agents of Mayhem,PS4,Action,Deep Silver,73,6.2,170,6.6,200000,2017,43,2,310000
Captain America: Super Soldier,PS3,Action,Sega,48,6.0,51,6.5,200000,2011,9,5,560000
Pac-Man & Galaga Dimensions,3DS,Action,Namco Bandai,25,6.0,14,6.6,190000,2011,27,1,190000
Family Guy,PSP,Adventure,2K Games,35,5.0,28,7.0,190000,2006,24,1,190000
Danganronpa 2: Goodbye Despair,PSP,Adventure,Spike,51,8.1,404,8.8,190000,2012,155,2,370000
Tomb Raider: Underworld,DS,Adventure,Eidos Interactive,57,7.6,129,7.5,190000,2008,21,6,3230000
The Polar Express,GBA,Adventure,THQ,10,3.9,16,6.9,190000,2004,5,3,530000
Harry Potter and the Goblet of Fire,PSP,Adventure,Electronic Arts,29,6.8,67,5.3,190000,2005,2,7,2340000
Disney's Magical Mirror Starring Mickey Mouse,GC,Adventure,Nintendo,9,5.0,14,7.1,190000,2002,10,1,190000
Blood Omen 2,XB,Action,Eidos Interactive,22,7.6,21,7.6,190000,2002,21,3,630000
Shadows of the Damned,X360,Action,Electronic Arts,76,7.6,189,8.3,190000,2011,2,2,460000
Disney's Meet the Robinsons,Wii,Action,Disney Interactive Studios,21,6.5,9,7.1,190000,2007,15,4,330000
Harry Potter and the Prisoner of Azkaban,XB,Adventure,Electronic Arts,29,7.0,80,7.9,190000,2004,2,5,2150000
Peter Jackson's King Kong: The Official Game of the Movie,PSP,Action,Ubisoft,57,8.0,94,7.8,190000,2005,4,6,3390000
Saw II: Flesh & Blood,PS3,Action,Konami,34,4.7,33,5.9,190000,2010,8,2,340000
Ninja Gaiden 3: Razor's Edge,WiiU,Action,Nintendo,41,6.9,154,7.5,190000,2012,10,1,190000
Samurai Warriors: State of War,PSP,Action,KOEI,30,6.4,6,6.2,190000,2006,42,1,190000
Hulk,GC,Action,Universal Interactive,28,7.1,21,6.9,190000,2003,62,4,1580000
Tenchu: Fatal Shadows,PS2,Action,Sega,33,5.8,33,7.8,190000,2005,9,1,190000
Remember Me,X360,Action,Capcom,42,7.0,321,7.5,190000,2013,11,2,530000
Binary Domain,X360,Action,Sega,43,7.4,232,8.1,190000,2012,9,2,520000
Dishonored: Definitive Edition,XOne,Action,Bethesda Softworks,32,8.0,440,7.8,190000,2015,13,2,610000
Rise of the Argonauts,PS3,Action,Codemasters,43,5.4,30,7.3,190000,2008,30,2,360000
Manhunt,XB,Action,Rockstar Games,47,7.6,230,8.3,190000,2004,7,3,1470000
Dynasty Warriors: Gundam 2,X360,Action,Namco Bandai,30,4.9,14,5.7,190000,2009,27,3,1020000
Spider-Man: Shattered Dimensions,DS,Action,Activision,68,7.6,186,7.9,190000,2010,1,4,1230000
Silent Hill HD Collection,X360,Action,Konami Digital Entertainment,33,7.0,199,4.8,190000,2012,33,2,510000
The Surge,PS4,Action,Focus Home Interactive,58,7.3,392,6.6,190000,2017,70,2,310000
Teenage Mutant Ninja Turtles 2: Battle Nexus,GC,Action,Konami,25,4.7,30,6.5,190000,2004,8,4,1080000
Chibi-Robo! Park Patrol,DS,Adventure,Nintendo,14,7.8,15,7.3,190000,2007,10,1,190000
Warriors: Legends of Troy,PS3,Action,Tecmo Koei,22,4.4,29,7.1,190000,2011,40,2,250000
The Scorpion King: Sword of Osiris,GBA,Action,Vivendi Games,14,7.2,12,8.2,190000,2002,54,1,190000
Saints Row IV,PC,Action,Deep Silver,45,8.6,2119,7.4,190000,2013,43,3,3210000
LEGO Marvel's Avengers,PSV,Action,Warner Bros. Interactive Entertainment,70,7.1,242,7.3,190000,2016,14,7,3120000
The Spiderwick Chronicles,Wii,Adventure,Sierra Entertainment,40,5.9,4,6.3,190000,2008,56,4,390000
Legacy of Kain: Defiance,XB,Adventure,Eidos Interactive,34,7.5,85,8.7,190000,2003,21,3,730000
Majin and the Forsaken Kingdom,X360,Adventure,Namco Bandai,49,7.2,53,7.9,190000,2010,27,2,480000
"The Chronicles of Narnia: The Lion, The Witch and The Wardrobe",DS,Adventure,Buena Vista,36,6.8,20,7.9,180000,2005,61,5,1760000
Charlie and the Chocolate Factory,GC,Adventure,Global Star Software,21,3.5,10,3.8,180000,2005,65,4,940000
Siren,PS2,Adventure,Sony Computer Entertainment,48,7.2,59,7.9,180000,2003,6,1,180000
Back to the Future: The Game,PS4,Adventure,Telltale Games,7,6.6,14,4.8,180000,2015,83,6,360000
Silent Hill 4: The Room,XB,Adventure,Konami,54,7.6,496,8.0,180000,2004,8,2,690000
Danganronpa V3: Killing Harmony,PSV,Adventure,NIS America,45,8.1,344,7.6,180000,2017,50,2,430000
Tomb Raider: Underworld,PS2,Adventure,Eidos Interactive,57,7.6,129,7.5,180000,2009,21,6,3230000
Danganronpa 2: Goodbye Despair,PSV,Adventure,NIS America,51,8.1,404,8.8,180000,2014,50,2,370000
Twisted Metal: Small Brawl,PS,Action,Sony Computer Entertainment,14,5.1,33,6.5,180000,2001,6,1,180000
Senran Kagura: Estival Versus,PS4,Action,Xseed Games,25,6.7,174,7.9,180000,2016,59,2,360000
Splatterhouse,X360,Action,Namco Bandai,51,6.2,93,7.5,180000,2010,27,2,340000
Toukiden,PSP,Action,Tecmo Koei,44,7.1,134,8.4,180000,2013,40,2,540000
Naruto Shippuden: Dragon Blade Chronicles,Wii,Action,Atlus,14,3.8,18,3.3,180000,2010,32,1,180000
Gauntlet: Dark Legacy,GC,Action,Midway Games,20,6.0,18,8.0,180000,2002,20,4,1500000
Dynasty Warriors: Gundam 3,X360,Action,Tecmo Koei,27,6.5,25,7.6,180000,2011,40,2,720000
One Piece: Pirate Warriors 3,PSV,Action,Tecmo Koei,34,7.4,209,7.6,180000,2015,40,2,450000
Fear Effect 2: Retro Helix,PS,Action,Eidos Interactive,15,8.4,35,7.0,180000,2001,21,1,180000
Mushroom Men: The Spore Wars,Wii,Action,SouthPeak Interactive,37,7.2,44,8.6,180000,2008,74,1,180000
Dragon Blade: Wrath of Fire,Wii,Action,D3 Publisher,19,5.1,6,5.7,180000,2007,34,1,180000
Ghostbusters: The Video Game,PSP,Action,Atari,74,7.8,109,7.8,180000,2009,16,6,3340000
The Munchables,Wii,Action,Namco Bandai,33,7.1,10,8.0,180000,2009,27,1,180000
Resident Evil: Revelations,PS4,Action,Capcom,78,8.2,665,8.2,180000,2017,11,4,1850000
Senran Kagura 2: Deep Crimson,3DS,Action,Marvelous Entertainment,28,5.8,85,6.6,180000,2015,267,1,180000
Indiana Jones and the Emperor's Tomb,XB,Action,LucasArts,43,7.3,22,8.0,180000,2003,12,2,180000
Buffy the Vampire Slayer: Chaos Bleeds,PS2,Action,VU Games,27,7.2,22,7.1,180000,2003,37,3,330000
SoulCalibur Legends,Wii,Action,Namco Bandai,35,5.2,20,4.9,180000,2007,27,1,180000
Batman: Vengeance,GBA,Action,Ubisoft,19,6.8,18,6.9,180000,2001,4,3,990000
Spider-Man: Friend or Foe,PSP,Action,Activision,51,6.0,41,6.6,180000,2007,1,6,1460000
Van Helsing,XB,Action,VU Games,41,6.4,22,6.8,180000,2007,37,3,720000
Anarchy Reigns,X360,Action,Sega,38,7.3,121,7.9,180000,2013,9,2,390000
Senran Kagura: Estival Versus,PSV,Action,Xseed Games,25,6.7,174,7.9,180000,2016,59,2,360000
Journey,PSN,Adventure,Sony Computer Entertainment America,78,9.2,1913,8.7,170000,2012,52,1,170000
Fairytale Fights,X360,Action,Playlogic Game Factory,47,5.1,13,5.7,170000,2009,205,2,340000
Beat Down: Fists of Vengeance,PS2,Action,Capcom,33,4.8,21,7.7,170000,2005,11,1,170000
Green Lantern: Rise of the Manhunters,PS3,Action,Warner Bros. Interactive,17,5.9,35,6.8,170000,2011,22,5,630000
Murdered: Soul Suspect,XOne,Action-Adventure,Square Enix,60,5.9,513,6.8,170000,2014,18,4,740000
Axiom Verge,NS,Action,Thomas Happ Games,61,8.4,238,7.8,170000,2017,349,3,220000
State of Emergency,XB,Action,Rockstar Games,34,7.1,25,6.6,170000,2003,7,2,1930000
Valkyrie Drive: Bhikkhuni,PSV,Action,PQube,7,7.2,23,8.3,170000,2016,186,1,170000
The Grim Adventures of Billy & Mandy,GC,Action,Midway Games,10,6.1,5,7.2,170000,2006,20,1,170000
The Suffering: Ties That Bind,PS2,Action,Midway Games,37,7.5,36,8.1,170000,2005,20,2,260000
Teen Titans,GBA,Action,THQ,12,5.6,30,7.1,170000,2005,5,3,750000
Marvel Super Hero Squad: The Infinity Gauntlet,PS3,Action,THQ,10,5.5,9,6.3,170000,2010,5,5,910000
X-Men: The Official Game,X360,Action,Activision,57,5.2,12,6.7,170000,2006,1,6,1010000
The Lord of the Rings: Aragorn's Quest,PS3,Action,Warner Bros. Interactive,21,5.8,18,7.6,170000,2010,22,5,710000
Transformers: Dark of the Moon,Wii,Action,Activision,53,5.9,42,6.3,170000,2011,1,4,1020000
Captain America: Super Soldier,X360,Action,Sega,48,6.0,51,6.5,170000,2011,9,5,560000
Mercury Meltdown Revolution,Wii,Action,Ignition Entertainment,41,7.7,9,8.0,170000,2007,102,1,170000
Thief: Deadly Shadows,XB,Action,Eidos Interactive,61,8.2,16,7.1,170000,2004,21,1,170000
True Crime: New York City,GC,Action,Activision,47,6.0,65,7.2,170000,2005,1,4,1210000
Leisure Suit Larry: Magna Cum Laude,XB,Adventure,VU Games,49,6.2,16,5.9,170000,2004,37,3,510000
Doctor Lautrec and the Forgotten Knights,3DS,Adventure,Konami,19,5.3,9,5.7,170000,2011,8,1,170000
Spawn: Armageddon,XB,Action,Namco,33,5.6,13,6.8,170000,2003,19,3,680000
Rise of the Argonauts,X360,Action,Codemasters,43,5.4,30,7.3,170000,2008,30,2,360000
Fairytale Fights,PS3,Action,Playlogic Game Factory,47,5.1,13,5.7,170000,2009,205,2,340000
The Cursed Crusade,PS3,Action,Atlus,27,3.9,35,4.5,170000,2011,32,3,350000
Warriors of Might and Magic,PS2,Adventure,3DO,12,4.9,7,4.3,170000,2001,68,2,300000
Lost in Blue 3,DS,Adventure,Konami,19,5.9,4,7.3,170000,2008,8,1,170000
Gauntlet: Dark Legacy,XB,Action,Midway Games,20,6.0,18,8.0,170000,2002,20,4,1500000
Batman Begins,GBA,Action,Electronic Arts,56,6.5,29,7.7,170000,2005,2,4,1090000
Aliens: Infestation,DS,Action,Sega,43,7.6,40,8.1,170000,2011,9,1,170000
Spyro: Shadow Legacy,DS,Action,Vivendi Games,18,5.0,21,5.2,160000,2005,54,1,160000
Dynasty Warriors 4,XB,Action,KOEI,24,7.8,76,7.4,160000,2003,42,1,160000
Jurassic Park: The Game,X360,Action,Telltale Games,34,5.4,211,4.8,160000,2011,83,1,160000
El Shaddai: Ascension of the Metatron,X360,Action,Ignition Entertainment,46,7.8,52,7.3,160000,2011,102,2,440000
Battlezone,PS4,Action,Sony Interactive Entertainment,40,6.6,52,7.5,160000,2016,53,1,160000
Beowulf: The Game,PS3,Action,Ubisoft,23,5.1,20,3.7,160000,2007,4,3,650000
Warriors Orochi 3,X360,Action,Tecmo Koei,18,6.4,36,7.6,160000,2012,40,7,1160000
Fatal Frame II: Crimson Butterfly,PS2,Action,Tecmo,40,8.1,148,8.7,160000,2003,71,1,160000
James Noir's Hollywood Crimes,3DS,Adventure,Ubisoft,22,6.0,7,6.6,160000,2011,4,1,160000
Time Hollow,DS,Adventure,Konami,24,6.4,22,6.8,160000,2008,8,1,160000
Sherlock Holmes vs. Jack the Ripper,X360,Adventure,DreamCatcher Interactive,26,7.3,64,7.7,160000,2010,120,2,170000
Monster House,DS,Adventure,THQ,27,5.9,10,6.2,160000,2006,5,4,530000
LEGO The Hobbit,PSV,Action-Adventure,Warner Bros. Interactive Entertainment,47,7.2,155,6.7,160000,2014,14,7,2460000
Metal Gear Solid V: The Phantom Pain,X360,Action-Adventure,Konami Digital Entertainment,88,9.3,6528,8.1,160000,2015,33,3,4030000
Shadow Man: 2econd Coming,PS2,Adventure,Acclaim Entertainment,24,6.8,11,7.9,160000,2002,23,1,160000
Alone in the Dark: The New Nightmare,PS,Adventure,Infogrames,16,6.6,68,7.6,160000,2001,60,2,160000
Gravity Rush Remastered,PS4,Action-Adventure,Sony Computer Entertainment,62,8.0,519,8.2,160000,2016,6,2,180000
Naruto Powerful Shippuden,3DS,Action-Adventure,Namco Bandai Games,13,7.1,24,5.8,160000,2013,29,1,160000
Darksiders II,WiiU,Action-Adventure,THQ,63,8.3,618,8.2,160000,2012,5,3,1800000
Castlevania: Lords of Shadow - Mirror of Fate,3DS,Action-Adventure,Konami Digital Entertainment,68,7.2,270,7.2,160000,2013,33,1,160000
Dead Rising 4: Frank's Big Package,PS4,Action-Adventure,Capcom,41,7.2,82,5.6,160000,2017,11,1,160000
Just Cause 3,PC,Action-Adventure,Square Enix,53,7.4,1064,6.1,160000,2015,18,3,3150000
Akiba's Trip: Undead & Undressed,PSV,Action,Xseed Games,21,5.7,69,7.1,160000,2014,59,3,420000
Splatterhouse,PS3,Action,Namco Bandai,51,6.2,93,7.5,160000,2010,27,2,340000
Clash of the Titans: The Videogame,X360,Action,Namco Bandai,31,4.2,14,4.1,160000,2010,27,2,470000
Curious George,GBA,Action,Namco,13,5.3,4,6.5,160000,2006,19,4,460000
Berserk and the Band of the Hawk,PS4,Action,Tecmo Koei,53,6.6,120,7.2,160000,2017,40,2,190000
Fist of the North Star: Ken's Rage,X360,Action,Tecmo Koei,38,5.9,29,7.3,160000,2010,40,2,820000
The Adventures of Tintin: The Game,3DS,Adventure,Ubisoft,35,6.3,18,7.1,160000,2011,4,5,1000000
Leisure Suit Larry: Box Office Bust,X360,Adventure,Codemasters,27,2.5,24,1.8,160000,2009,30,3,270000
Kya: Dark Lineage,PS2,Adventure,Atari,25,6.9,28,8.3,160000,2003,16,1,160000
Dragon Ball: Origins 2,DS,Action,Namco Bandai,22,7.0,18,7.5,160000,2010,27,1,160000
Shinobido 2: Revenge of Zen,PSV,Action,Namco Bandai,34,5.5,44,6.6,160000,2012,27,1,160000
Toukiden 2,PSV,Action,Tecmo Koei,46,7.7,104,7.5,150000,2017,40,3,340000
Fantastic Four: Rise of the Silver Surfer,PS3,Action,2K Games,30,4.5,13,6.3,150000,2007,24,5,740000
Ultimate Spider-Man,DS,Action,Activision,53,7.7,59,8.5,150000,2005,1,6,1940000
Prince of Persia: The Forgotten Sands,DS,Action,Ubisoft,69,7.4,138,7.4,150000,2010,4,6,2100000
Fire Emblem Warriors,3DS,Action,Nintendo,74,7.4,439,7.7,150000,2017,10,2,660000
Shenmue II,DC,Adventure,Sega,31,8.0,158,9.0,150000,2001,9,2,470000
Dragon Quest Builders 2,PS4,Adventure,Square Enix,64,8.6,154,7.8,150000,2019,18,2,290000
Prince of Persia: The Two Thrones,GC,Adventure,Ubisoft,46,8.5,109,8.0,150000,2005,4,4,1410000
Nancy Drew: The White Wolf of Icicle Creek,Wii,Adventure,Sega,9,7.3,16,7.3,150000,2008,9,1,150000
Metroid Prime: Federation Force,3DS,Action,Nintendo,59,6.4,277,5.4,150000,2016,10,1,150000
Thor: God of Thunder,PS3,Action,Sega,40,3.8,30,5.5,150000,2011,9,5,670000
Saw II: Flesh & Blood,X360,Action,Konami,34,4.7,33,5.9,150000,2010,8,2,340000
Killer7,GC,Action,Capcom,57,7.4,86,8.6,150000,2005,11,2,240000
Steins;Gate 0,PSV,Adventure,PQube,20,8.1,114,8.5,150000,2016,186,3,250000
Assassin's Creed Rogue Remastered,PS4,Action-Adventure,Ubisoft,31,7.1,284,6.7,150000,2018,4,2,190000
Thor: God of Thunder,Wii,Action,Sega,40,3.8,30,5.5,150000,2011,9,5,670000
Jaws Unleashed,XB,Action,Majesco,29,5.1,7,6.1,150000,2006,26,2,750000
X-Men: The Official Game,GC,Action,Activision,57,5.2,12,6.7,150000,2006,1,6,1010000
Darksiders,PC,Action,THQ,81,8.3,342,7.8,150000,2010,5,3,1490000
Samurai Warriors: Katana,Wii,Action,KOEI,30,5.3,4,8.5,150000,2008,42,1,150000
Warriors Orochi 3,PS4,Action,Tecmo Koei,18,6.4,36,7.6,150000,2014,40,7,1160000
Marvel Super Hero Squad: The Infinity Gauntlet,X360,Action,THQ,10,5.5,9,6.3,150000,2010,5,5,910000
RiME,NS,Adventure,Grey Box,66,8.0,375,7.8,150000,2017,311,2,260000
Scooby-Doo! Mystery Mayhem,XB,Adventure,THQ,17,5.5,17,7.5,150000,2004,5,4,1260000
Brothers: A Tale of Two Sons,PS4,Adventure,505 Games,56,8.6,477,8.4,150000,2015,41,2,200000
The Walking Dead: A Telltale Games Series,PSV,Adventure,Telltale Games,14,8.9,4022,8.8,150000,2013,83,4,2210000
Prince of Persia: The Sands of Time,GBA,Adventure,Ubisoft,44,9.2,559,8.6,150000,2003,4,5,3630000
Indigo Prophecy,PS2,Adventure,Atari,51,8.4,82,8.0,150000,2005,16,3,270000
Attack on Titan,PSV,Action,Tecmo Koei,58,7.4,147,7.0,150000,2017,40,4,870000
The Incredible Hulk: Ultimate Destruction,GC,Action,VU Games,47,8.4,21,7.6,150000,2005,37,3,920000
Toukiden 2,PS4,Action,Tecmo Koei,46,7.7,104,7.5,150000,2017,40,3,340000
Batman Begins,GC,Action,Electronic Arts,56,6.5,29,7.7,150000,2005,2,4,1090000
The Cursed Crusade,X360,Action,Atlus,27,3.9,35,4.5,150000,2011,32,3,350000
Attack on Titan,XOne,Action,Tecmo Koei,58,7.4,147,7.0,150000,2016,40,4,870000
The Escapists 2,XOne,Action,Sold Out,30,7.5,69,7.0,150000,2017,172,3,440000
Transformers: Devastation,XOne,Action,Activision,51,7.7,251,7.7,150000,2015,1,5,640000
Song of the Deep,PS4,Action,Insomniac Games,41,6.9,53,7.5,150000,2016,288,3,350000
Fate/Extella: The Umbral Star,PSV,Action,Xseed Games,33,6.7,59,6.9,150000,2017,59,3,630000
Curious George,GC,Action,Namco,13,5.3,4,6.5,150000,2006,19,4,460000
Enclave,XB,Adventure,Conspiracy Entertainment,28,6.6,9,6.8,140000,2002,80,1,140000
Dragon Quest Builders 2,NS,Adventure,Square Enix,64,8.6,154,7.8,140000,2019,18,2,290000
Pirates: The Legend of Black Kat,PS2,Adventure,Electronic Arts,24,7.2,10,7.8,140000,2002,2,2,200000
Fur Fighters: Viggo's Revenge,PS2,Action,Acclaim Entertainment,15,6.4,22,5.5,140000,2001,23,1,140000
The Da Vinci Code,PS2,Action,2K Games,43,5.4,19,7.6,140000,2006,24,2,180000
The Lord of the Rings: Aragorn's Quest,PSP,Action,Warner Bros. Interactive,21,5.8,18,7.6,140000,2010,22,5,710000
Adventure Time: Finn & Jake Investigations,PS4,Action,Little Orbit,9,6.6,18,5.9,140000,2015,140,6,630000
Arslan: The Warriors of Legend,PS4,Action,Tecmo Koei,43,6.9,34,6.4,140000,2016,40,3,260000
Just Cause,X360,Action,Eidos Interactive,57,7.3,60,6.4,140000,2006,21,4,180000
Hitman: Blood Money,XB,Action,Eidos Interactive,53,8.2,221,8.5,140000,2006,21,4,1060000
Second Sight,PS2,Adventure,Codemasters,48,7.6,31,7.6,140000,2004,30,4,260000
Monster House,PS2,Adventure,THQ,27,5.9,10,6.2,140000,2006,5,4,530000
X-Blades,X360,Action,SouthPeak Interactive,39,5.0,15,5.1,140000,2009,74,3,280000
G.I. Joe: The Rise of Cobra,PS2,Action,Electronic Arts,59,4.2,9,5.3,140000,2009,2,6,1090000
Grabbed by the Ghoulies,XB,Action,Microsoft Game Studios,42,6.6,33,8.3,140000,2003,25,1,140000
Deception IV: Blood Ties,PSV,Action,Tecmo Koei,19,6.7,56,7.2,140000,2014,40,2,270000
Resident Evil: Revelations 2,XOne,Action,Capcom,30,7.5,674,7.6,140000,2015,11,5,1240000
We Happy Few,PS4,Action-Adventure,Gearbox Software,66,6.2,268,5.9,140000,2018,105,2,230000
Has-Been Heroes,NS,Action,GameTrust,20,5.3,133,7.2,140000,2017,279,4,270000
G.I. Joe: The Rise of Cobra,DS,Action,Electronic Arts,59,4.2,9,5.3,140000,2009,2,6,1090000
Naruto Shippuden: Kizuna Drive,PSP,Action,Namco Bandai,22,5.7,15,4.7,140000,2011,27,1,140000
X-Blades,PS3,Action,SouthPeak Interactive,39,5.0,15,5.1,140000,2009,74,3,280000
G.I. Joe: The Rise of Cobra,PSP,Action,Electronic Arts,59,4.2,9,5.3,140000,2009,2,6,1090000
Thor: God of Thunder,X360,Action,Sega,40,3.8,30,5.5,140000,2011,9,5,670000
Fatal Frame,PS2,Action,Tecmo,22,7.4,118,8.3,140000,2002,71,2,200000
Rodea the Sky Soldier,WiiU,Action-Adventure,NIS America,31,4.5,85,6.5,140000,2015,50,2,190000
Metal Gear Solid V: Ground Zeroes,X360,Action-Adventure,Konami Digital Entertainment,70,7.5,1631,6.5,140000,2014,33,4,2200000
Okami HD,PS3,Action-Adventure,Capcom,44,9.0,451,8.9,140000,2012,11,4,600000
Murdered: Soul Suspect,PS3,Action-Adventure,Square Enix,60,5.9,513,6.8,140000,2014,18,4,740000
Senran Kagura Burst,3DS,Action,Xseed Games,27,6.2,74,7.1,140000,2013,59,1,140000
Spider-Man: Friend or Foe,Wii,Action,Activision,51,6.0,41,6.6,140000,2007,1,6,1460000
Dishonored: Death of the Outsider,XOne,Action,Bethesda Softworks,49,8.2,332,7.2,140000,2017,13,2,470000
Dino Crisis 3,XB,Action,Capcom,28,5.1,40,3.3,140000,2003,11,1,140000
Eragon,X360,Action,Sierra Entertainment,32,4.8,11,7.1,140000,2006,56,2,250000
Spider-Man: Edge of Time,DS,Action,Activision,50,5.7,64,7.1,140000,2011,1,5,830000
Star Wars: Jedi Power Battles,GBA,Action,THQ,8,5.8,4,4.8,140000,2002,5,1,140000
NCIS,X360,Adventure,Ubisoft,11,3.5,7,4.0,140000,2011,4,4,430000
Happy Feet,Wii,Adventure,Midway Games,11,4.6,8,6.1,140000,2006,20,3,700000
Sphinx and the Cursed Mummy,GC,Adventure,THQ,28,7.8,28,7.1,140000,2003,5,3,710000
Monster House,GC,Adventure,THQ,27,5.9,10,6.2,140000,2006,5,4,530000
Ecco the Dolphin: Defender of the Future,PS2,Adventure,Acclaim Entertainment,26,8.4,26,7.9,140000,2002,23,1,140000
Alien: Isolation,PC,Adventure,Sega,50,7.9,1696,8.3,140000,2014,9,5,2370000
NCIS,Wii,Adventure,Ubisoft,11,3.5,7,4.0,130000,2011,4,4,430000
King Arthur,PS2,Adventure,Konami,22,5.9,14,8.2,130000,2004,8,3,220000
Resident Evil: Revelations 2,PSV,Action,Sony Computer Entertainment,30,7.5,674,7.6,130000,2015,6,5,1240000
Avatar: The Last Airbender - The Burning Earth,X360,Action,THQ,7,5.4,19,4.2,130000,2007,5,4,1140000
Warriors of Might and Magic,PS,Adventure,3DO,12,4.9,7,4.3,130000,2001,68,2,300000
Shaman King: Power of Spirit,PS2,Adventure,Konami,9,5.4,8,6.4,130000,2004,8,1,130000
Watch Dogs,WiiU,Action-Adventure,Ubisoft,80,8.0,4140,6.7,130000,2014,4,6,9700000
Tom Clancy's Splinter Cell: Blacklist,WiiU,Action-Adventure,Ubisoft,58,8.2,500,7.6,130000,2013,4,4,2320000
Utawarerumono: Mask of Deception,PS4,Adventure,Atlus,22,6.8,62,8.0,130000,2017,32,3,300000
Star Wars: Lethal Alliance,PSP,Adventure,Ubisoft,31,6.1,12,6.3,130000,2006,4,2,230000
Syberia,DS,Adventure,The Adventure Company,26,8.2,408,8.4,130000,2008,219,4,280000
Yakuza Kiwami,PS3,Adventure,Sega,73,8.0,848,8.0,130000,2016,9,2,580000
Deception IV: Blood Ties,PS3,Action,Tecmo Koei,19,6.7,56,7.2,130000,2014,40,2,270000
Tom Clancy's Splinter Cell: Double Agent,Wii,Action,Ubisoft,59,8.5,146,7.7,130000,2006,4,5,1230000
007: Quantum of Solace,DS,Action,Activision,69,6.5,77,6.9,130000,2008,1,2,160000
New Gundam Breaker,PS4,Action,Namco Bandai Games,22,4.3,56,3.2,130000,2018,29,1,130000
Rogue Ops,XB,Action,Kemco,26,6.1,6,8.2,130000,2003,138,3,410000
Peter Jackson's King Kong: The Official Game of the Movie,DS,Action,Ubisoft,57,8.0,94,7.8,130000,2005,4,6,3390000
"Crouching Tiger, Hidden Dragon",PS2,Action,Ubisoft,26,4.8,4,7.0,130000,2003,4,3,170000
Destroy All Humans! Path of the Furon,X360,Action,THQ,27,3.4,34,6.1,130000,2008,5,2,220000
MegaTagmension Blanc + Neptune VS Zombies,PSV,Action,Idea Factory International,22,6.1,25,6.6,130000,2016,195,1,130000
Song of the Deep,XOne,Action,Insomniac Games,41,6.9,53,7.5,130000,2016,288,3,350000
Superman: The Man of Steel,XB,Action,Atari,19,4.4,8,3.4,130000,2002,16,1,130000
Grand Theft Auto: San Andreas,XBL,Action,Rockstar Games,80,9.5,4488,9.2,130000,2008,7,3,3050000
Warriors Orochi 2,PS2,Action,KOEI,28,4.4,14,8.0,130000,2008,42,5,870000
Tomb Raider: Legend,XB,Action,Eidos Interactive,54,8.0,150,7.9,130000,2006,21,7,1650000
Gladiator Begins,PSP,Action,Aksys Games,9,5.9,69,8.4,130000,2010,64,1,130000
Adventure Time: Finn & Jake Investigations,X360,Action,Little Orbit,9,6.6,18,5.9,130000,2015,140,6,630000
Teenage Mutant Ninja Turtles: Arcade Attack,DS,Action,Ubisoft,8,3.6,6,6.8,130000,2009,4,1,130000
Akiba's Trip: Undead & Undressed,PS3,Action,Xseed Games,21,5.7,69,7.1,130000,2014,59,3,420000
Hitman 2: Silent Assassin,GC,Action,Eidos Interactive,23,8.4,76,7.9,130000,2003,21,4,4280000
Spartan: Total Warrior,XB,Action,Sega,36,7.3,21,8.3,130000,2005,9,3,420000
Advent Rising,XB,Action,Majesco,50,6.8,13,7.9,130000,2005,26,1,130000
Otogi: Myth of Demons,XB,Action,Sega,40,8.0,14,7.4,130000,2003,9,1,130000
Green Lantern: Rise of the Manhunters,3DS,Action,Warner Bros. Interactive,17,5.9,35,6.8,130000,2011,22,5,630000
Hyperdimension Neptunia U: Action Unleashed,PSV,Action,Idea Factory International,20,7.1,51,7.3,130000,2015,195,1,130000
Destroy All Humans! Big Willy Unleashed,Wii,Action,THQ,40,5.3,10,5.6,130000,2008,5,1,130000
The Inpatient,PS4,Action,Sony Interactive Entertainment,57,5.9,101,6.3,130000,2018,53,1,130000
Dynasty Warriors 5 Empires,X360,Action,KOEI,40,6.1,14,7.4,130000,2006,42,2,470000
Thor: God of Thunder,DS,Action,Sega,40,3.8,30,5.5,130000,2011,9,5,670000
Blade II,XB,Action,Activision,21,4.9,17,6.1,130000,2002,1,2,440000
Samurai Warriors 4-II,PS4,Action,Tecmo Koei,26,7.3,42,7.1,130000,2015,40,3,310000
Onechanbara: Bikini Samurai Squad,X360,Action,D3 Publisher,39,3.9,32,6.1,130000,2009,34,1,130000
Akiba's Trip: Undead & Undressed,PS4,Action,Xseed Games,21,5.7,69,7.1,130000,2014,59,3,420000
Green Lantern: Rise of the Manhunters,X360,Action,Warner Bros. Interactive,17,5.9,35,6.8,130000,2011,22,5,630000
Teenage Mutant Ninja Turtles 2: Battle Nexus,XB,Action,Konami,25,4.7,30,6.5,130000,2004,8,4,1080000
Life is Strange,XOne,Adventure,Square Enix,24,8.5,2889,8.6,120000,2016,18,3,540000
NCIS,PS3,Adventure,Ubisoft,11,3.5,7,4.0,120000,2011,4,4,430000
Zathura,PS2,Adventure,2K Games,16,4.3,5,4.8,120000,2005,24,2,140000
Overlord: Raising Hell,PS3,Adventure,Codemasters,35,7.2,23,8.2,120000,2008,30,1,120000
Sphinx and the Cursed Mummy,XB,Adventure,THQ,28,7.8,28,7.1,120000,2003,5,3,710000
Pryzm Chapter One: The Dark Unicorn,PS2,Adventure,TDK Mediactive,8,5.9,5,3.0,120000,2002,75,1,120000
Obscure: The Aftermath,Wii,Adventure,Ignition Entertainment,25,6.6,34,7.7,120000,2008,102,2,210000
Dead by Daylight,XOne,Action,505 Games,18,6.4,613,5.4,120000,2017,41,2,340000
Darksiders III,XOne,Action,THQ Nordic,60,6.4,609,7.0,120000,2018,125,3,380000
Terraria,3DS,Action,505 Games,39,8.1,718,8.3,120000,2015,41,6,820000
X2: Wolverine's Revenge,GC,Action,Activision,27,5.8,6,5.0,120000,2003,1,3,970000
Tenchu: Shadow Assassins,PSP,Action,Ubisoft,35,7.0,25,6.4,120000,2009,4,2,330000
Castlevania: Curse of Darkness,XB,Action,Konami,30,7.0,89,8.2,120000,2005,8,2,540000
Curious George,PS2,Action,Namco,13,5.3,4,6.5,120000,2006,19,4,460000
The Surge,XOne,Action,Focus Home Interactive,58,7.3,392,6.6,120000,2017,70,2,310000
MySims SkyHeroes,PS3,Action,Electronic Arts,16,6.2,5,4.2,120000,2010,2,4,830000
EA Replay,PSP,Action,Electronic Arts,19,5.6,4,6.0,120000,2006,2,1,120000
Adventure Time: Finn & Jake Investigations,PS3,Action,Little Orbit,9,6.6,18,5.9,120000,2015,140,6,630000
Buffy the Vampire Slayer: Chaos Bleeds,XB,Action,VU Games,27,7.2,22,7.1,120000,2003,37,3,330000
Prototype 2,PC,Action,Activision,69,7.4,276,7.1,120000,2012,1,3,1680000
Samurai Warriors 4-II,PS3,Action,Tecmo Koei,26,7.3,42,7.1,120000,2015,40,3,310000
Onechanbara: Bikini Zombie Slayers,Wii,Action,D3 Publisher,24,5.5,10,7.2,120000,2009,34,1,120000
Gladiator: Sword of Vengeance,PS2,Action,Acclaim Entertainment,25,6.5,6,7.5,120000,2003,23,3,170000
7 Days to Die,XOne,Action,Telltale Games,17,3.5,225,5.7,120000,2016,83,2,330000
Legend of the Guardians: The Owls of Ga'Hoole,DS,Action,Warner Bros. Interactive,13,6.0,7,7.7,120000,2010,22,4,390000
Ninja Reflex,Wii,Action,Electronic Arts,26,4.9,6,4.2,120000,2008,2,2,220000
Danganronpa 1-2 Reload,PS4,Adventure,NIS America,29,8.3,157,8.6,120000,2017,50,2,120000
Subnautica,PS4,Adventure,Gearbox Software,42,8.7,1815,8.6,120000,2018,105,2,190000
Zero Escape: Zero Time Dilemma,3DS,Adventure,Aksys Games,33,8.3,172,8.1,120000,2016,64,3,260000
Spider-Man: Edge of Time,3DS,Adventure,Activision,50,5.7,64,7.1,120000,2011,1,5,830000
LEGO Batman 2: DC Super Heroes,WiiU,Action-Adventure,Warner Bros. Interactive Entertainment,59,7.9,296,7.7,120000,2013,14,8,6410000
CSI: Crime Scene Investigation,XB,Adventure,Ubisoft,19,6.1,14,6.6,120000,2004,4,1,120000
Alice: Madness Returns,PC,Adventure,Electronic Arts,67,7.0,309,8.1,120000,2011,2,3,1210000
Dragon Ball: Origins,DS,Adventure,Atari,18,7.8,30,7.7,120000,2008,16,1,120000
Breakdown,XB,Adventure,Namco,62,7.1,23,7.7,120000,2004,19,1,120000
Harvey Birdman: Attorney at Law,PS2,Adventure,Capcom,28,6.0,6,6.3,120000,2008,11,3,310000
Marvel's Guardians of the Galaxy: The Telltale Series,PS4,Adventure,Warner Bros. Interactive Entertainment,7,7.8,112,7.3,120000,2017,14,2,170000
Teenage Mutant Ninja Turtles 3: Mutant Nightmare,GC,Action,Konami,20,5.3,17,7.4,120000,2005,8,4,420000
One Piece: Pirate Warriors 2,PSV,Action,Namco Bandai Games,35,7.1,84,7.7,120000,2013,29,2,780000
Teenage Mutant Ninja Turtles: Mutants in Manhattan,PS4,Action,Activision,49,4.4,192,5.5,120000,2016,1,4,380000
Undead Knights,PSP,Action,Tecmo,27,6.3,14,8.2,120000,2009,71,1,120000
Fate/Extella Link,PS4,Action,Xseed Games,18,7.5,59,6.9,120000,2019,59,2,180000
Utawarerumono: Mask of Deception,PSV,Adventure,Atlus,22,6.8,62,8.0,110000,2017,32,3,300000
Lost in Blue,DS,Adventure,Konami,33,6.9,17,7.3,110000,2005,8,1,110000
RiME,PS4,Adventure,Grey Box,66,8.0,375,7.8,110000,2017,311,2,260000
Harvey Birdman: Attorney at Law,PSP,Adventure,Capcom,28,6.0,6,6.3,110000,2008,11,3,310000
Calling,Wii,Adventure,Hudson Soft,28,4.9,21,7.7,110000,2010,44,1,110000
Lost Horizon,PC,Adventure,Deep Silver,24,7.7,45,7.6,110000,2010,43,1,110000
Cold Fear,PS2,Action,Ubisoft,41,7.1,20,8.8,110000,2005,4,3,170000
The Lord of the Rings: Aragorn's Quest,DS,Action,Warner Bros. Interactive,21,5.8,18,7.6,110000,2010,22,5,710000
Dead Cells,NS,Action,Merge Games,40,8.9,875,8.3,110000,2018,312,2,160000
Retro Game Challenge,DS,Action,Xseed Games,30,7.7,13,5.9,110000,2009,59,1,110000
Batman: Rise of Sin Tzu,XB,Action,Ubisoft,21,6.3,15,6.8,110000,2003,4,4,590000
Legend of the Guardians: The Owls of Ga'Hoole,Wii,Action,Warner Bros. Interactive,13,6.0,7,7.7,110000,2010,22,4,390000
Project: Snowblind,XB,Action,Eidos Interactive,54,7.8,18,6.6,110000,2005,21,2,320000
Astro Boy: The Video Game,PS2,Action,D3 Publisher,17,4.8,4,4.0,110000,2009,34,4,360000
ToeJam & Earl III: Mission to Earth,XB,Action,Sega,24,7.1,10,7.1,110000,2002,9,1,110000
Green Lantern: Rise of the Manhunters,DS,Action,Warner Bros. Interactive,17,5.9,35,6.8,110000,2011,22,5,630000
TMNT,PSP,Action,Ubisoft,31,5.8,30,6.2,110000,2007,4,4,1090000
Stubbs the Zombie in Rebel Without a Pulse,XB,Action,Aspyr,55,7.5,30,8.4,110000,2005,175,1,110000
Batman: Dark Tomorrow,XB,Action,Kemco,14,2.9,18,3.2,110000,2003,138,2,190000
Rengoku: The Tower of Purgatory,PSP,Action,Konami,30,4.3,7,7.3,110000,2005,8,1,110000
Mushroom Men: Rise of the Fungi,DS,Action,Gamecock,16,4.5,4,5.0,110000,2008,203,1,110000
Warriors Orochi 3,PSP,Action,Tecmo Koei,18,6.4,36,7.6,110000,2012,40,7,1160000
Dynasty Warriors Advance,GBA,Action,Nintendo,22,5.6,4,6.0,110000,2005,10,1,110000
Transformers: Devastation,X360,Action,Activision,51,7.7,251,7.7,110000,2015,1,5,640000
The Scorpion King: Rise of the Akkadian,GC,Action,Universal Interactive,12,4.7,4,5.5,110000,2002,62,2,340000
Fantastic Four: Rise of the Silver Surfer,X360,Action,2K Games,30,4.5,13,6.3,110000,2007,24,5,740000
Eragon,PSP,Action,Sierra Entertainment,32,4.8,11,7.1,110000,2006,56,2,250000
Spyborgs,Wii,Action,Capcom,30,6.6,5,6.4,110000,2009,11,1,110000
Naruto Shippuden: Naruto vs. Sasuke,DS,Action,Atlus,7,6.4,8,7.0,110000,2010,32,1,110000
X-Men: The Official Game,DS,Action,Activision,57,5.2,12,6.7,110000,2006,1,6,1010000
Agents of Mayhem,XOne,Action,Deep Silver,73,6.2,170,6.6,110000,2017,43,2,310000
Viewtiful Joe: Double Trouble!,DS,Action,Capcom,28,7.3,12,7.7,110000,2005,11,1,110000
Adventure Time: Finn & Jake Investigations,3DS,Action,Little Orbit,9,6.6,18,5.9,110000,2015,140,6,630000
Astro Boy: The Video Game,Wii,Action,D3 Publisher,17,4.8,4,4.0,110000,2009,34,4,360000
Transformers: Devastation,PS3,Action,Activision,51,7.7,251,7.7,110000,2015,1,5,640000
Darksiders: Warmastered Edition,PS4,Action-Adventure,THQ Nordic,24,7.7,96,7.8,110000,2016,125,3,180000
Shadow of Destiny,PSP,Adventure,Konami,18,7.8,29,8.3,110000,2010,8,3,320000
The Spiderwick Chronicles,X360,Adventure,Sierra Entertainment,40,5.9,4,6.3,110000,2008,56,4,390000
Charlie and the Chocolate Factory,XB,Adventure,Global Star Software,21,3.5,10,3.8,110000,2005,65,4,940000
The Polar Express,GC,Adventure,THQ,10,3.9,16,6.9,110000,2004,5,3,530000
Gabrielle's Ghostly Groove 3D,3DS,Adventure,Natsume,9,6.2,9,7.4,110000,2011,46,1,110000
Avatar: The Last Airbender,PSP,Adventure,THQ,15,5.6,15,6.0,110000,2006,5,4,1220000
The Hardy Boys: The Hidden Theft,Wii,Adventure,DreamCatcher Interactive,8,5.1,4,1.0,110000,2009,120,1,110000
Coraline,PS2,Adventure,D3 Publisher,7,4.2,14,6.1,110000,2009,34,3,200000
Zero Escape: Zero Time Dilemma,PSV,Adventure,Aksys Games,33,8.3,172,8.1,110000,2016,64,3,260000
Steins;Gate,PSV,Adventure,5pb,16,8.3,171,8.9,100000,2015,144,1,100000
Leisure Suit Larry: Box Office Bust,PS3,Adventure,Codemasters,27,2.5,24,1.8,100000,2009,30,3,270000
Syberia,XB,Adventure,XS Games,26,8.2,408,8.4,100000,2003,128,4,280000
Disgaea Infinite,PSP,Adventure,NIS America,15,6.4,19,7.6,100000,2010,50,1,100000
The Book of Unwritten Tales,PC,Adventure,DreamCatcher Interactive,32,8.2,168,8.3,100000,2011,120,1,100000
Miami Law,DS,Adventure,Hudson Entertainment,14,5.6,4,8.3,100000,2009,190,1,100000
Agatha Christie: The ABC Murders,DS,Adventure,DreamCatcher Interactive,17,6.7,44,6.2,100000,2009,120,2,120000
The First Templar,X360,Adventure,Kalypso,21,5.2,34,6.3,100000,2011,160,2,180000
Cloudy With a Chance of Meatballs,PS3,Adventure,Ubisoft,12,6.2,12,6.8,100000,2009,4,4,490000
Terraria,PSV,Action-Adventure,505 Games,39,8.1,718,8.3,100000,2013,41,6,820000
Starlink: Battle for Atlas,PS4,Action-Adventure,Ubisoft,69,7.4,248,7.7,100000,2018,4,3,770000
Starlink: Battle for Atlas,XOne,Action-Adventure,Ubisoft,69,7.4,248,7.7,100000,2018,4,3,770000
Murdered: Soul Suspect,X360,Action-Adventure,Square Enix,60,5.9,513,6.8,100000,2014,18,4,740000
Resident Evil 4,PS4,Action-Adventure,Capcom,133,9.3,6128,8.8,100000,2016,11,2,150000
Troll and I,NS,Action,Maximum Games,12,3.9,41,4.0,100000,2017,141,3,150000
Astro Boy: The Video Game,DS,Action,D3 Publisher,17,4.8,4,4.0,100000,2009,34,4,360000
Romance of the Three Kingdoms XIII,PS4,Action,Tecmo Koei,22,6.7,41,6.9,100000,2016,40,2,150000
Tom Clancy's Splinter Cell: Chaos Theory,GC,Action,Ubisoft,70,9.4,301,8.6,100000,2005,4,5,2230000
Blades of Time,X360,Action,Konami Digital Entertainment,23,5.2,37,6.6,100000,2012,33,2,200000
The Godfather: Mob Wars,PSP,Action,Electronic Arts,34,5.9,13,7.5,100000,2006,2,1,100000
Marvel Super Hero Squad: The Infinity Gauntlet,3DS,Action,THQ,10,5.5,9,6.3,100000,2011,5,5,910000
Colin McRae Rally 04,XB,Action,Codemasters,33,8.4,12,8.3,100000,2004,30,1,100000
Pariah,XB,Action,Groove Games,52,7.0,5,7.4,100000,2005,323,1,100000
Tornado Outbreak,Wii,Action,Konami,15,6.9,4,7.5,100000,2009,8,3,270000
Mega Man Legacy Collection 2,PS4,Action,Capcom,39,7.1,36,6.8,100000,2017,11,2,120000
Predator: Concrete Jungle,XB,Action,VU Games,17,4.6,14,7.1,100000,2005,37,2,300000
MySims SkyHeroes,X360,Action,Electronic Arts,16,6.2,5,4.2,100000,2010,2,4,830000
Van Helsing,GBA,Action,VU Games,41,6.4,22,6.8,100000,2004,37,3,720000
Power Stone Collection,PSP,Action,Capcom,34,7.4,26,7.4,100000,2006,11,1,100000
Tom Clancy's HAWX 2,Wii,Action,Ubisoft,57,6.8,34,6.5,100000,2010,4,4,920000
X-Men: The Official Game,XB,Action,Activision,57,5.2,12,6.7,100000,2006,1,6,1010000
Minority Report: Everybody Runs,GC,Action,Activision,26,5.0,13,6.3,100000,2002,1,4,650000
Spider-Man: Web of Shadows,DS,Action,Activision,57,6.8,139,8.4,100000,2008,1,6,1240000
Blades of Time,PS3,Action,Konami Digital Entertainment,23,5.2,37,6.6,100000,2012,33,2,200000
Thor: God of Thunder,3DS,Action,Sega,40,3.8,30,5.5,100000,2011,9,5,670000
X-Men: Destiny,Wii,Action,Activision,51,4.7,78,4.9,100000,2011,1,4,640000
Teenage Mutant Ninja Turtles: Mutants in Manhattan,PS3,Action,Activision,49,4.4,192,5.5,100000,2016,1,4,380000
Escape Dead Island,PS3,Action,Deep Silver,25,4.0,61,3.4,100000,2014,43,2,170000
Warriors All-Stars,PS4,Action,Tecmo Koei,38,7.0,33,6.4,100000,2017,40,2,150000
Hunter: The Reckoning,GC,Action,Interplay,28,7.9,10,6.4,100000,2002,79,2,480000
The Lord of the Rings: Conquest,DS,Action,Electronic Arts,58,5.5,75,6.7,100000,2009,2,4,1500000
Tom Clancy's Splinter Cell: Conviction,PC,Action,Ubisoft,90,8.5,410,7.6,100000,2010,4,2,2160000
Ninja Reflex,DS,Action,Electronic Arts,26,4.9,6,4.2,100000,2008,2,2,220000
Skylanders: Spyro's Adventure,PC,Action,Activision,35,7.8,98,6.4,100000,2011,1,5,5380000
Code Lyoko: Quest for Infinity,Wii,Action,Game Factory,15,5.8,10,7.0,100000,2007,107,2,130000
Minority Report: Everybody Runs,XB,Action,Activision,26,5.0,13,6.3,100000,2002,1,4,650000
Accel World vs. Sword Art Online: Millennium Twilight,PS4,Action,Namco Bandai Games,27,6.4,21,6.0,100000,2017,29,2,170000
Touch Detective,DS,Adventure,Atlus,25,6.0,6,6.8,100000,2006,32,1,100000
Resident Evil: Revelations 2,X360,Action,Capcom,30,7.5,674,7.6,100000,2015,11,5,1240000
Star Wars: Lethal Alliance,DS,Action,Ubisoft,31,6.1,12,6.3,100000,2006,4,2,230000
Beyond Good & Evil,XB,Adventure,Ubisoft,45,8.6,184,8.8,100000,2003,4,4,500000
Indigo Prophecy,XB,Adventure,Atari,51,8.4,82,8.0,100000,2005,16,3,270000
Attack on Titan 2,XOne,Action,Koei Tecmo,50,7.5,105,7.5,90000,2018,191,4,570000
Mystic Heroes,GC,Action,KOEI,13,6.7,9,5.7,90000,2002,42,2,150000
Bionicle,GBA,Action,THQ,7,5.2,32,6.0,90000,2003,5,1,90000
Jumper: Griffin's Story,Wii,Action,Brash Entertainment,16,2.9,15,2.5,90000,2008,168,3,220000
Lara Croft and the Temple of Osiris,PS4,Action,Square Enix,40,7.4,189,6.6,90000,2014,18,1,90000
The Wolf Among Us,PS3,Adventure,Telltale Games,13,8.0,1181,8.7,90000,2014,83,4,440000
Back to the Future: The Game,PS3,Adventure,Telltale Games,7,6.6,14,4.8,90000,2011,83,6,360000
Obscure: The Aftermath,PSP,Adventure,Playlogic Game Factory,25,6.6,34,7.7,90000,2009,205,2,210000
The Wolf Among Us,XOne,Adventure,Telltale Games,13,8.0,1181,8.7,90000,2014,83,4,440000
Agatha Christie: Evil Under the Sun,Wii,Adventure,The Adventure Company,18,6.6,7,8.7,90000,2008,219,2,90000
The Suffering: Ties That Bind,XB,Action,Midway Games,37,7.5,36,8.1,90000,2005,20,2,260000
Cloudy With a Chance of Meatballs,X360,Adventure,Ubisoft,12,6.2,12,6.8,90000,2009,4,4,490000
LEGO Batman: The Videogame,PC,Adventure,Warner Bros. Interactive,49,7.6,275,8.1,90000,2008,22,7,13550000
Spider-Man: Edge of Time,Wii,Action,Activision,50,5.7,64,7.1,90000,2011,1,5,830000
Forgotten Realms: Demon Stone,XB,Action,Atari,40,7.1,17,7.8,90000,2004,16,3,290000
God Eater Resurrection,PS4,Action,Namco Bandai Games,18,7.0,91,6.9,90000,2016,29,2,290000
Project Eden,PS2,Action,Eidos Interactive,20,7.1,5,8.8,90000,2001,21,2,90000
Crimson Sea,XB,Action,KOEI,19,7.8,5,7.8,90000,2002,42,1,90000
Legend of the Guardians: The Owls of Ga'Hoole,PS3,Action,Warner Bros. Interactive,13,6.0,7,7.7,90000,2010,22,4,390000
Astro Boy: Omega Factor,GBA,Action,Sega,37,8.5,37,8.7,90000,2004,9,1,90000
Tornado Outbreak,PS3,Action,Konami,15,6.9,4,7.5,90000,2009,8,3,270000
Samurai Warriors 2: Xtreme Legends,PS2,Action,KOEI,11,5.0,8,9.0,90000,2008,42,1,90000
Monster House,GBA,Adventure,THQ,27,5.9,10,6.2,90000,2006,5,4,530000
Disney's Aladdin in Nasira's Revenge,PS,Action,Sony Computer Entertainment,11,6.1,22,7.0,90000,2001,6,1,90000
Tim Burton's The Nightmare Before Christmas: Oogie's Revenge,XB,Adventure,Buena Vista,34,6.5,23,7.6,90000,2005,61,2,430000
Nights of Azure,PS4,Action,Tecmo Koei,40,6.7,106,7.3,90000,2016,40,1,90000
Ninja Gaiden Black,XB,Action,Tecmo,32,9.4,228,8.7,90000,2005,71,1,90000
Beowulf: The Game,PSP,Action,Ubisoft,23,5.1,20,3.7,90000,2007,4,3,650000
Teenage Mutant Ninja Turtles: Mutants in Manhattan,X360,Action,Activision,49,4.4,192,5.5,90000,2016,1,4,380000
Toy Soldiers: War Chest,PS4,Action,Ubisoft,19,6.2,67,7.1,90000,2015,4,2,170000
Bladestorm: The Hundred Years' War,X360,Action,KOEI,26,6.3,12,5.8,90000,2007,42,2,370000
Altered Beast: Guardian of the Realms,GBA,Action,THQ,13,6.3,6,8.3,90000,2002,5,1,90000
Green Lantern: Rise of the Manhunters,Wii,Action,Warner Bros. Interactive,17,5.9,35,6.8,90000,2011,22,5,630000
Captain America: Super Soldier,3DS,Action,Sega,48,6.0,51,6.5,90000,2011,9,5,560000
Destroy All Humans! Path of the Furon,PS3,Action,Unknown,27,3.4,34,6.1,90000,2020,69,2,220000
Astro Boy,PS2,Action,Sega,29,5.4,14,8.3,90000,2004,9,1,90000
Killer7,PS2,Action,Capcom,57,7.4,86,8.6,90000,2005,11,2,240000
50 Cent: Bulletproof,PSP,Action,Vivendi Games,25,5.2,12,4.1,90000,2006,54,3,2300000
Castlevania: Lords of Shadow 2,X360,Action-Adventure,Konami Digital Entertainment,55,6.3,639,7.7,90000,2014,33,2,290000
Invizimals: The Alliance,PSV,Action-Adventure,Sony Computer Entertainment,16,6.9,20,7.3,90000,2014,6,1,90000
We Happy Few,XOne,Action-Adventure,Gearbox Software,66,6.2,268,5.9,90000,2018,105,2,230000
Harvey Birdman: Attorney at Law,Wii,Adventure,Capcom,28,6.0,6,6.3,80000,2008,11,3,310000
The Spiderwick Chronicles,DS,Adventure,Sierra Entertainment,40,5.9,4,6.3,80000,2008,56,4,390000
The Sexy Brutale,PS4,Adventure,Badland Games,29,8.3,95,7.9,80000,2017,449,1,80000
ARK: Survival Evolved,NS,Action-Adventure,Studio Wildcard,20,7.0,833,6.5,80000,2018,457,1,80000
Darksiders II: Deathinitive Edition,XOne,Action-Adventure,Nordic Games,28,7.2,307,7.4,80000,2015,104,2,320000
Superman: Shadow of Apokolips,GC,Action,Atari,22,6.4,4,4.5,80000,2003,16,2,500000
Tom Clancy's Splinter Cell: Pandora Tomorrow,GC,Action,Ubisoft,74,9.3,128,8.2,80000,2004,4,5,2870000
Knights Contract,X360,Action,Namco Bandai,41,4.9,23,6.0,80000,2011,27,2,160000
Dynasty Warriors 9,XOne,Action,Tecmo Koei,52,6.5,188,4.4,80000,2018,40,2,450000
Samurai Warriors Chronicles 3,3DS,Action,Tecmo Koei,13,6.3,14,6.2,80000,2015,40,2,150000
Bladestorm: Nightmare,XOne,Action,Tecmo Koei,33,5.8,29,5.9,80000,2015,40,3,330000
Metal Gear Survive,XOne,Action,Konami Digital Entertainment,73,6.0,1108,1.5,80000,2018,33,2,310000
Dynasty Warriors 3,XB,Action,KOEI,17,7.8,58,7.9,80000,2002,42,1,80000
Resident Evil 3: Nemesis,GC,Action,Capcom,19,9.1,580,9.2,80000,2003,11,2,80000
Looney Tunes: Acme Arsenal,X360,Action,Warner Bros. Interactive,15,4.0,6,8.5,80000,2007,22,3,690000
Batman: Dark Tomorrow,GC,Action,Kemco,14,2.9,18,3.2,80000,2003,138,2,190000
Tomb Raider: Legend,GC,Action,Eidos Interactive,54,8.0,150,7.9,80000,2006,21,7,1650000
Seven Samurai 20XX,PS2,Action,Sammy Corporation,31,5.2,5,7.0,80000,2004,152,1,80000
Akiba's Beat,PS4,Action,Xseed Games,33,5.5,41,6.8,80000,2017,59,2,110000
The Legend of Kage 2,DS,Action,Taito,21,7.0,7,7.0,80000,2008,166,1,80000
Samurai Western,PS2,Action,Atlus,34,5.8,11,7.2,80000,2005,32,1,80000
Evil Dead: Regeneration,XB,Action,THQ,34,6.6,12,6.8,80000,2005,5,2,290000
Toy Soldiers: War Chest,XOne,Action,Ubisoft,19,6.2,67,7.1,80000,2015,4,2,170000
Fatal Frame III: The Tormented,PS2,Action,Tecmo,46,7.8,102,8.8,80000,2005,71,1,80000
Legend of Kay Anniversary,PS4,Action,Nordic Games,22,6.2,22,6.0,80000,2015,104,5,240000
Harry Potter and the Sorcerer's Stone,GC,Action,Electronic Arts,14,5.6,70,6.5,80000,2003,2,6,3910000
C.O.P.: The Recruit,DS,Action,Ubisoft,38,5.5,4,3.3,80000,2009,4,1,80000
Dead Rising,PS4,Action,Capcom,82,8.5,358,7.4,80000,2016,11,2,120000
Disney's Meet the Robinsons,X360,Action,Disney Interactive Studios,21,6.5,9,7.1,80000,2007,15,4,330000
Knights Contract,PS3,Action,Namco Bandai,41,4.9,23,6.0,80000,2011,27,2,160000
Tomb Raider: Underworld,PC,Adventure,Eidos Interactive,57,7.6,129,7.5,80000,2008,21,6,3230000
Lost in Blue: Shipwrecked,Wii,Adventure,Konami,11,5.4,4,6.5,80000,2008,8,1,80000
Cloudy With a Chance of Meatballs,PSP,Adventure,Ubisoft,12,6.2,12,6.8,80000,2009,4,4,490000
Gray Matter,PC,Adventure,Viva Media,27,7.2,108,7.7,80000,2011,330,2,120000
Hammerin' Hero,PSP,Action,Atlus,19,7.3,19,7.8,80000,2009,32,1,80000
Samurai Warriors 2,X360,Action,KOEI,30,5.2,19,8.6,80000,2006,42,3,720000
Urban Reign,PS2,Action,Namco,44,6.0,69,8.6,80000,2005,19,1,80000
Hello Kitty: Roller Rescue,GC,Action,Namco,14,6.4,13,8.0,80000,2005,19,2,110000
Tornado Outbreak,X360,Action,Konami,15,6.9,4,7.5,80000,2009,8,3,270000
Sherlock Holmes: Crimes & Punishments,XOne,Adventure,Focus Home Interactive,36,7.3,295,7.3,80000,2014,70,4,490000
The First Templar,PC,Adventure,Kalypso,21,5.2,34,6.3,80000,2011,160,2,180000
Root Letter,PSV,Adventure,PQube,16,6.8,26,6.9,80000,2016,186,1,80000
Attack on Titan,PS3,Action,Tecmo Koei,58,7.4,147,7.0,70000,2017,40,4,870000
Superman Returns,DS,Action,Electronic Arts,48,5.1,25,4.2,70000,2006,2,2,330000
Samurai Warriors: Spirit of Sanada,PS4,Action,Tecmo Koei,31,7.4,24,7.2,70000,2017,40,1,70000
Warriors Orochi 3,PSV,Action,Tecmo Koei,18,6.4,36,7.6,70000,2014,40,7,1160000
Far Cry 5,PC,Action,Ubisoft,90,8.1,2975,6.9,70000,2018,4,3,5800000
Disaster: Day of Crisis,Wii,Action,Nintendo,21,6.9,4,9.3,70000,2008,10,1,70000
Escape Dead Island,X360,Action,Deep Silver,25,4.0,61,3.4,70000,2014,43,2,170000
Harry Potter and the Sorcerer's Stone,XB,Action,Electronic Arts,14,5.6,70,6.5,70000,2003,2,6,3910000
Haunting Ground,PS2,Action,Capcom,33,6.7,121,8.7,70000,2005,11,1,70000
Tom Clancy's Splinter Cell: Chaos Theory,DS,Action,Ubisoft,70,9.4,301,8.6,70000,2005,4,5,2230000
Song of the Deep,PC,Action,Insomniac Games,41,6.9,53,7.5,70000,2016,288,3,350000
Adventure Time: Finn & Jake Investigations,WiiU,Action,Little Orbit,9,6.6,18,5.9,70000,2015,140,6,630000
Styx: Shards of Darkness,PS4,Action,Focus Home Interactive,39,7.2,139,7.8,70000,2017,70,2,130000
Dead Rising 2,PS4,Action,Capcom,76,7.9,301,7.1,70000,2016,11,4,2970000
Samurai Warriors Chronicles 3,PSV,Action,Tecmo Koei,13,6.3,14,6.2,70000,2015,40,2,150000
Silent Hill: Origins,PS2,Action,Konami,40,7.8,254,7.3,70000,2008,8,2,590000
Pitfall: The Lost Expedition,GBA,Action,Activision,35,7.3,8,7.8,70000,2004,1,2,140000
Jumper: Griffin's Story,PS2,Action,Brash Entertainment,16,2.9,15,2.5,70000,2008,168,3,220000
Shenmue I & II,XOne,Action-Adventure,Sega,36,7.5,282,8.5,70000,2018,9,2,340000
Bad Apple Wars,PSV,Action,Aksys Games,7,7.8,8,7.5,70000,2017,64,1,70000
Spartan: Total Warrior,GC,Action,Sega,36,7.3,21,8.3,70000,2005,9,3,420000
Pitfall: The Lost Expedition,XB,Action,Activision,35,7.3,8,7.8,70000,2004,1,2,140000
Teenage Mutant Ninja Turtles: Mutants in Manhattan,XOne,Action,Activision,49,4.4,192,5.5,70000,2016,1,4,380000
Legend of Kay Anniversary,WiiU,Action,Nordic Games,22,6.2,22,6.0,70000,2015,104,5,240000
Has-Been Heroes,PS4,Action,GameTrust,20,5.3,133,7.2,70000,2017,279,4,270000
Army Men: Green Rogue,PS,Action,3DO,13,3.9,4,5.3,70000,2001,68,1,70000
Accel World vs. Sword Art Online: Millennium Twilight,PSV,Action,Namco Bandai Games,27,6.4,21,6.0,70000,2017,29,2,170000
Prince of Persia: The Fallen King,DS,Action,Ubisoft,24,6.4,9,5.2,70000,2008,4,1,70000
Frogger Advance: The Great Quest,GBA,Action,Konami,9,5.5,4,5.8,70000,2002,8,1,70000
Crimson Sea 2,PS2,Action,KOEI,27,7.5,8,7.0,70000,2004,42,1,70000
Samurai Warriors,XB,Action,KOEI,37,7.3,20,7.9,70000,2004,42,1,70000
Terraria,PS4,Action,505 Games,39,8.1,718,8.3,70000,2014,41,6,820000
Dynasty Warriors DS: Fighter's Battle,DS,Action,KOEI,17,5.6,5,6.0,70000,2007,42,1,70000
Batman: Rise of Sin Tzu,GBA,Action,Ubisoft,21,6.3,15,6.8,70000,2003,4,4,590000
X-Men: The Official Game,GBA,Action,Activision,57,5.2,12,6.7,70000,2006,1,6,1010000
Legend of Kay Anniversary,PS4,Action,Nordic Games,22,6.2,22,6.0,70000,2015,104,5,240000
Alex Rider: Stormbreaker,DS,Action,THQ,11,4.8,7,4.9,70000,2006,5,1,70000
Spawn: Armageddon,GC,Action,Namco,33,5.6,13,6.8,70000,2003,19,3,680000
"Flower, Sun, and Rain",DS,Adventure,Marvelous Interactive,37,5.4,42,8.9,70000,2009,151,1,70000
Lost in Blue 2,DS,Adventure,Konami,29,5.8,6,7.7,70000,2007,8,1,70000
Obscure,PS2,Adventure,DreamCatcher Interactive,29,6.6,22,8.1,70000,2005,120,3,110000
Sherlock Holmes: Crimes & Punishments,PS3,Adventure,Focus Home Interactive,36,7.3,295,7.3,70000,2014,70,4,490000
Broken Sword 5: The Serpent's Curse,PS4,Adventure,Unbalance,39,6.9,179,8.0,70000,2019,461,2,90000
Steins;Gate 0,PS4,Adventure,PQube,20,8.1,114,8.5,70000,2016,186,3,250000
Galerians: Ash,PS2,Adventure,Sammy Corporation,22,5.0,11,7.7,70000,2003,152,1,70000
The Book of Unwritten Tales 2,PS4,Adventure,Nordic Games,39,8.0,92,7.7,70000,2015,104,3,90000
Second Sight,XB,Adventure,Codemasters,48,7.6,31,7.6,70000,2004,30,4,260000
Tomb Raider: Legend,DS,Adventure,Eidos Interactive,54,8.0,150,7.9,70000,2006,21,7,1650000
Subnautica,XOne,Adventure,Gearbox Software,42,8.7,1815,8.6,70000,2018,105,2,190000
Agatha Christie: And Then There Were None,Wii,Adventure,The Adventure Company,28,6.8,15,7.3,70000,2008,219,2,70000
Still Life,XB,Adventure,The Adventure Company,29,7.0,9,7.2,70000,2005,219,2,70000
Beyond Good & Evil,GC,Adventure,Ubisoft,45,8.6,184,8.8,70000,2003,4,4,500000
McFarlane's Evil Prophecy,PS2,Action,Konami,28,3.4,6,3.7,70000,2004,8,1,70000
Legend of the Guardians: The Owls of Ga'Hoole,X360,Action,Warner Bros. Interactive,13,6.0,7,7.7,70000,2010,22,4,390000
Resident Evil 5,PS4,Action,Capcom,91,8.3,895,7.3,70000,2016,11,4,8740000
ICO,PS3,Adventure,Sony Computer Entertainment,59,9.0,536,8.6,60000,2011,6,2,530000
Outcast: Second Contact,PS4,Adventure,Maximum Games,17,6.1,40,6.1,60000,2017,141,1,60000
Myst III: Exile,XB,Adventure,Ubisoft,22,8.3,56,8.1,60000,2002,4,3,340000
Game of Thrones: A Telltale Games Series,PS4,Adventure,Telltale Games,21,6.4,450,6.5,60000,2015,83,4,180000
Samurai Jack: The Shadow of Aku,PS2,Action,Sega,21,5.9,8,7.5,60000,2004,9,2,80000
Tom Clancy's Splinter Cell: Double Agent,GC,Action,Ubisoft,59,8.5,146,7.7,60000,2006,4,5,1230000
Samurai Warriors 4-II,PSV,Action,Tecmo Koei,26,7.3,42,7.1,60000,2015,40,3,310000
Mercury Meltdown,PSP,Action,Ignition Entertainment,36,7.8,7,7.6,60000,2006,102,1,60000
Styx: Shards of Darkness,XOne,Action,Focus Home Interactive,39,7.2,139,7.8,60000,2017,70,2,130000
Warriors: Legends of Troy,X360,Action,Tecmo Koei,22,4.4,29,7.1,60000,2011,40,2,250000
Tom Clancy's Splinter Cell: Pandora Tomorrow,GBA,Action,Ubisoft,74,9.3,128,8.2,60000,2004,4,5,2870000
Mystic Heroes,PS2,Action,KOEI,13,6.7,9,5.7,60000,2002,42,2,150000
Sine Mora EX,PS4,Action,THQ Nordic,18,8.1,26,7.0,60000,2017,125,3,140000
The Lord of the Rings: Aragorn's Quest,PS2,Action,Warner Bros. Interactive,21,5.8,18,7.6,60000,2010,22,5,710000
Harry Potter and the Sorcerer's Stone,PC,Action,Electronic Arts,14,5.6,70,6.5,60000,2001,2,6,3910000
Tiny Barbarian DX,NS,Action,Nicalis,12,7.7,21,7.7,60000,2017,222,1,60000
Arslan: The Warriors of Legend,PS3,Action,Tecmo Koei,43,6.9,34,6.4,60000,2016,40,3,260000
The Saboteur,PC,Action,Electronic Arts,69,7.3,135,7.8,60000,2009,2,3,1050000
Okami HD,XOne,Action,Capcom,44,9.0,451,8.9,60000,2017,11,4,600000
Teenage Mutant Ninja Turtles 3: Mutant Nightmare,DS,Action,Konami,20,5.3,17,7.4,60000,2005,8,4,420000
Jumper: Griffin's Story,X360,Action,Brash Entertainment,16,2.9,15,2.5,60000,2008,168,3,220000
Trapt,PS2,Action,Tecmo,36,6.0,15,7.5,60000,2005,71,1,60000
Azure Striker Gunvolt: Striker Pack,NS,Action,Nighthawk Interactive,9,8.2,50,8.0,60000,2017,227,2,90000
Fatal Frame,XB,Action,Tecmo,22,7.4,118,8.3,60000,2002,71,2,200000
X-Men: Destiny,DS,Action,Activision,51,4.7,78,4.9,60000,2011,1,4,640000
Nights of Azure 2: Bride of the New Moon,NS,Action,Tecmo Koei,32,6.6,49,7.2,60000,2017,40,1,60000
Cold Fear,XB,Action,Ubisoft,41,7.1,20,8.8,60000,2005,4,3,170000
Kabuki Warriors,XB,Action,Crave Entertainment,15,3.2,4,4.5,60000,2001,36,1,60000
Fist of the North Star: Ken's Rage 2,X360,Action,Tecmo Koei,19,4.9,24,7.3,60000,2013,40,3,380000
Batman: Rise of Sin Tzu,GC,Action,Ubisoft,21,6.3,15,6.8,60000,2003,4,4,590000
Fate/Extella Link,PSV,Action,Marvelous,18,7.5,59,6.9,60000,2018,306,2,180000
Legend of Kay,DS,Action,DreamCatcher Interactive,30,7.2,18,7.2,60000,2010,120,2,110000
NanoBreaker,PS2,Action,Konami,38,5.1,13,7.4,60000,2005,8,1,60000
Escape from Bug Island,Wii,Action,Eidos Interactive,13,3.7,7,5.6,60000,2007,21,1,60000
Adventure Time: Finn & Jake Investigations,XOne,Action,Little Orbit,9,6.6,18,5.9,60000,2015,140,6,630000
Assassin's Creed Odyssey,PC,Action-Adventure,Ubisoft,95,8.3,4706,6.8,60000,2018,4,3,4630000
Conan Exiles,XOne,Action-Adventure,Maximum Games,33,6.8,258,5.5,60000,2018,141,2,270000
Broken Sword: The Shadow of the Templars,GBA,Adventure,BAM! Entertainment,17,8.0,29,8.0,60000,2002,78,1,60000
Sherlock Holmes: The Devil's Daughter,PS4,Adventure,Bigben Interactive,28,7.1,229,6.8,60000,2016,200,2,120000
Utawarerumono: Mask of Deception,PS3,Adventure,Aqua Plus,22,6.8,62,8.0,60000,2015,282,3,300000
Pirates: The Legend of Black Kat,XB,Adventure,Electronic Arts,24,7.2,10,7.8,60000,2002,2,2,200000
Call of Cthulhu: Dark Corners of the Earth,XB,Adventure,2K Games,51,7.7,27,7.6,60000,2005,24,2,60000
Secret Files: Tunguska,Wii,Adventure,Deep Silver,26,6.6,53,7.2,60000,2010,43,3,150000
Alone in the Dark,PS2,Adventure,Atari,77,6.3,320,7.4,60000,2008,16,2,550000
Arslan: The Warriors of Legend,XOne,Action,Tecmo Koei,43,6.9,34,6.4,60000,2016,40,3,260000
Warriors Orochi 2,X360,Action,KOEI,28,4.4,14,8.0,60000,2008,42,5,870000
Resident Evil 2,GC,Action,Capcom,94,9.1,6144,8.9,60000,2003,11,1,60000
Sherlock Holmes: The Devil's Daughter,XOne,Adventure,Bigben Interactive,28,7.1,229,6.8,60000,2016,200,2,120000
Top Gun: Hard Lock,X360,Action,505 Games,8,5.4,16,3.5,60000,2012,41,2,90000
Yomawari: Midnight Shadows,PS4,Action,NIS America,23,7.7,31,7.2,60000,2017,50,2,90000
Scurge: Hive,DS,Action,SouthPeak Interactive,29,7.0,7,8.0,60000,2006,74,1,60000
Collar x Malice,PSV,Action,Aksys Games,7,7.4,17,7.8,50000,2017,64,1,50000
Fantastic Four: Rise of the Silver Surfer,Wii,Action,2K Games,30,4.5,13,6.3,50000,2007,24,5,740000
Devil's Third,WiiU,Action,Nintendo,55,4.3,321,6.6,50000,2015,10,1,50000
Warriors All-Stars,PSV,Action,Tecmo Koei,38,7.0,33,6.4,50000,2017,40,2,150000
Tom Clancy's HAWX 2,PC,Action,Ubisoft,57,6.8,34,6.5,50000,2010,4,4,920000
Tenchu: Dark Secret,DS,Action,Nintendo,10,3.7,4,6.0,50000,2006,10,1,50000
Code Lyoko,DS,Action,Game Factory,11,6.3,10,7.5,50000,2007,107,1,50000
Has-Been Heroes,XOne,Action,GameTrust,20,5.3,133,7.2,50000,2017,279,4,270000
The Escapists 2,NS,Action,Sold Out,30,7.5,69,7.0,50000,2018,172,3,440000
Double Dragon Advance,GBA,Action,Atlus,21,7.5,12,7.4,50000,2003,32,1,50000
Apex Construct,PS4,Action,Perp Games,21,7.2,31,6.1,50000,2018,441,1,50000
Rogue Ops,GC,Action,Kemco,26,6.1,6,8.2,50000,2003,138,3,410000
Captain America: Super Soldier,DS,Action,Sega,48,6.0,51,6.5,50000,2011,9,5,560000
Touhou Genso Wanderer,PS4,Action,NIS America,18,7.0,15,6.0,50000,2017,50,1,50000
Otogi 2: Immortal Warriors,XB,Action,Sega,43,7.9,13,7.4,50000,2004,9,1,50000
ARK Park,PS4,Adventure,Snail Games USA,11,4.6,25,4.6,50000,2018,509,1,50000
Dynasty Warriors 5,XB,Action,KOEI,29,6.9,39,7.7,50000,2005,42,1,50000
Legend of Kay,PS2,Action,Capcom,30,7.2,18,7.2,50000,2005,11,2,110000
Samurai Champloo: Sidetracked,PS2,Action,Namco Bandai,26,6.6,9,6.9,50000,2006,27,1,50000
Marc Ecko's Getting Up: Contents Under Pressure,PS2,Action,Atari,45,7.1,13,7.8,50000,2006,16,2,50000
Blood Omen 2,GC,Action,Eidos Interactive,22,7.6,21,7.6,50000,2002,21,3,630000
Don't Starve,PS4,Adventure,Klei Entertainment,36,7.8,456,7.1,50000,2018,518,1,50000
Life is Strange,PC,Adventure,Square Enix,24,8.5,2889,8.6,50000,2016,18,3,540000
Coraline,Wii,Adventure,D3 Publisher,7,4.2,14,6.1,50000,2009,34,3,200000
PokePark 2: Wonders Beyond,Wii,Adventure,Nintendo,18,6.0,73,7.7,50000,2012,10,1,50000
Lux-Pain,DS,Adventure,Ignition Entertainment,33,4.8,5,6.6,50000,2009,102,1,50000
Sherlock Holmes: Crimes & Punishments,X360,Adventure,Focus Home Interactive,36,7.3,295,7.3,50000,2014,70,4,490000
Second Sight,GC,Adventure,Codemasters,48,7.6,31,7.6,50000,2004,30,4,260000
Brothers: A Tale of Two Sons,XOne,Adventure,505 Games,56,8.6,477,8.4,50000,2015,41,2,200000
Back to the Future: The Game,Wii,Adventure,Telltale Games,7,6.6,14,4.8,50000,2011,83,6,360000
Marvel's Guardians of the Galaxy: The Telltale Series,XOne,Adventure,Warner Bros. Interactive Entertainment,7,7.8,112,7.3,50000,2017,14,2,170000
Corpse Party,PSP,Adventure,Xseed Games,18,7.1,96,8.5,50000,2011,59,1,50000
Sam & Max: Beyond Time and Space,Wii,Adventure,Atari,23,7.5,14,7.6,50000,2010,16,1,50000
Black Mirror,PS4,Adventure,THQ Nordic,21,5.4,49,5.2,50000,2017,125,2,80000
Yomawari: The Long Night Collection,NS,Action-Adventure,NIS America,11,7.3,12,7.0,50000,2018,50,1,50000
LEGO Harry Potter: Years 1-4,PC,Adventure,Warner Bros. Interactive,58,7.9,154,7.4,50000,2010,22,6,8460000
The Lost Chronicles of Zerzura,PC,Adventure,Unknown,9,7.6,21,6.9,50000,2012,69,1,50000
King Arthur,XB,Adventure,Konami,22,5.9,14,8.2,50000,2004,8,3,220000
Secret Files: Tunguska,DS,Adventure,Deep Silver,26,6.6,53,7.2,50000,2010,43,3,150000
Yakuza 3,PS4,Action-Adventure,Sega,77,7.9,245,8.0,50000,2018,9,1,50000
Hellblade: Senua's Sacrifice,PS4,Action-Adventure,505 Games,71,8.1,2046,7.8,50000,2018,41,1,50000
Resident Evil 4,XOne,Action-Adventure,Capcom,133,9.3,6128,8.8,50000,2016,11,2,150000
Rodea the Sky Soldier,3DS,Action-Adventure,NIS America,31,4.5,85,6.5,50000,2015,50,2,190000
Final Fight: Streetwise,PS2,Action,Capcom,36,4.3,28,7.9,50000,2006,11,2,70000
Crime Life: Gang Wars,XB,Action,Konami,19,3.0,7,6.7,50000,2005,8,1,50000
Dynasty Warriors Vol. 2,PSP,Action,KOEI,28,5.7,10,7.9,50000,2006,42,1,50000
Cartoon Network Racing,DS,Action,Game Factory,13,5.5,4,8.0,50000,2006,107,1,50000
B-Boy,PSP,Action,SouthPeak Interactive,19,5.3,10,8.2,50000,2008,74,1,50000
Colin McRae Rally 2005,XB,Action,Codemasters,35,8.3,6,9.0,50000,2004,30,1,50000
Romance of the Three Kingdoms XIII,PS3,Action,Tecmo Koei,22,6.7,41,6.9,50000,2016,40,2,150000
Gladiator: Sword of Vengeance,XB,Action,Acclaim Entertainment,25,6.5,6,7.5,50000,2003,23,3,170000
Captain America: Super Soldier,Wii,Action,Sega,48,6.0,51,6.5,50000,2011,9,5,560000
Assassin's Creed: Altair's Chronicles,DS,Action,Ubisoft,30,5.8,38,5.1,50000,2008,4,2,320000
Dead Cells,PS4,Action,Merge Games,40,8.9,875,8.3,50000,2018,312,2,160000
LEGO Pirates of the Caribbean: The Video Game,PC,Action,Disney Interactive Studios,54,7.3,106,7.3,40000,2011,15,7,5510000
Dead Rising,XOne,Action,Capcom,82,8.5,358,7.4,40000,2016,11,2,120000
Fantastic Four: Rise of the Silver Surfer,DS,Action,2K Games,30,4.5,13,6.3,40000,2007,24,5,740000
Terraria,WiiU,Action,505 Games,39,8.1,718,8.3,40000,2016,41,6,820000
James Cameron's Avatar: The Game,PC,Action,Ubisoft,62,6.1,59,6.2,40000,2009,4,6,3440000
Senran Kagura Burst Re:Newal,PS4,Action,Xseed Games,19,6.5,63,5.6,40000,2019,59,1,40000
Sine Mora EX,NS,Action,THQ Nordic,18,8.1,26,7.0,40000,2017,125,3,140000
TMNT,DS,Action,Ubisoft,31,5.8,30,6.2,40000,2007,4,4,1090000
Teenage Mutant Ninja Turtles 3: Mutant Nightmare,XB,Action,Konami,20,5.3,17,7.4,40000,2005,8,4,420000
Terraria,XOne,Action,505 Games,39,8.1,718,8.3,40000,2014,41,6,820000
The Wolf Among Us,PSV,Adventure,Telltale Games,13,8.0,1181,8.7,40000,2014,83,4,440000
Heavy Rain: Move Edition,PS3,Adventure,Sony Computer Entertainment,7,7.2,118,8.2,40000,2010,6,1,40000
Gray Matter,X360,Adventure,DTP Entertainment,27,7.2,108,7.7,40000,2011,249,2,120000
Adventure Time: Pirates of the Enchiridion,XOne,Adventure,Outright Games,13,6.2,42,6.3,40000,2018,230,3,90000
NCIS,PC,Adventure,Ubisoft,11,3.5,7,4.0,40000,2011,4,4,430000
Game of Thrones: A Telltale Games Series,XOne,Adventure,Telltale Games,21,6.4,450,6.5,40000,2014,83,4,180000
Game of Thrones: A Telltale Games Series,X360,Adventure,Telltale Games,21,6.4,450,6.5,40000,2014,83,4,180000
Secret Files: Tunguska,PC,Adventure,The Adventure Company,26,6.6,53,7.2,40000,2006,219,3,150000
Coraline,DS,Adventure,D3 Publisher,7,4.2,14,6.1,40000,2009,34,3,200000
Earthfall,PS4,Action-Adventure,Gearbox Software,19,5.6,17,5.8,40000,2018,105,2,70000
Assassin's Creed Chronicles: China,PS4,Action-Adventure,Ubisoft,45,6.9,149,5.9,40000,2015,4,2,40000
Assassin's Creed Rogue Remastered,XOne,Action-Adventure,Ubisoft,31,7.1,284,6.7,40000,2018,4,2,190000
Monster Boy and the Cursed Kingdom,NS,Action-Adventure,FDG Entertainment,24,8.6,172,8.0,40000,2018,465,1,40000
The Persistence,PS4,Action-Adventure,Sony Interactive Entertainment,13,7.5,10,4.9,40000,2018,53,1,40000
Shadow of the Colossus,PS3,Adventure,Sony Computer Entertainment,107,9.1,2983,7.8,40000,2011,6,3,2380000
Darksiders: Warmastered Edition,XOne,Action-Adventure,THQ Nordic,24,7.7,96,7.8,40000,2016,125,3,180000
Don't Starve: Giant Edition,XOne,Adventure,505 Games,12,7.5,22,7.6,40000,2018,41,1,40000
Dreamfall: The Longest Journey,XB,Adventure,Aspyr,45,7.5,327,8.3,40000,2006,175,2,40000
Punch Line,PS4,Adventure,PQube,9,6.6,22,4.9,40000,2018,186,1,40000
Harry Potter and the Order of the Phoenix,PC,Adventure,Electronic Arts,38,6.8,41,5.3,40000,2007,2,7,2520000
Harry Potter and the Prisoner of Azkaban,PC,Adventure,Electronic Arts,29,7.0,80,7.9,40000,2004,2,5,2150000
Chaos;Head Noah,X360,Adventure,5pb,7,6.8,6,9.0,40000,2009,144,2,60000
Game of Thrones: A Telltale Games Series,PS3,Adventure,Telltale Games,21,6.4,450,6.5,40000,2015,83,4,180000
Echo Night Beyond,PS2,Adventure,Agetec,22,6.0,17,8.2,40000,2004,66,1,40000
ABZU,PS4,Adventure,505 Games,73,7.8,612,7.5,40000,2017,41,2,60000
Obscure,XB,Adventure,DreamCatcher Interactive,29,6.6,22,8.1,40000,2005,120,3,110000
King Arthur,GC,Adventure,Konami,22,5.9,14,8.2,40000,2004,8,3,220000
Chicken Shoot,GBA,Adventure,Zoo Digital Publishing,9,2.7,16,6.1,40000,2005,123,2,390000
Corpse Party: Book of Shadows,PSP,Adventure,5pb,23,6.7,63,8.3,40000,2011,144,1,40000
Cat Quest,NS,Adventure,PQube,19,7.4,147,7.5,40000,2018,186,1,40000
Here They Lie,PS4,Adventure,Sony Interactive Entertainment,35,6.2,115,6.9,40000,2016,53,1,40000
Secret Files 2: Puritas Cordis,PC,Adventure,Deep Silver,14,6.4,32,6.9,40000,2009,43,3,80000
Runaway: A Twist of Fate,PC,Adventure,Focus Home Interactive,15,7.9,64,8.3,40000,2009,70,1,40000
SPRay,Wii,Action,Tecmo,16,4.2,4,4.3,40000,2008,71,1,40000
Red Ninja: End of Honor,PS2,Action,VU Games,25,4.6,10,7.1,40000,2005,37,2,60000
Spy Fiction,PS2,Action,Sammy Corporation,33,6.1,10,7.4,40000,2004,152,1,40000
Mafia,PC,Action,Gathering of Developers,33,6.6,234,8.4,40000,2002,143,3,970000
Aegis of Earth: Protonovus Assault,PSV,Action,Aksys Games,11,5.7,12,6.5,40000,2016,64,3,110000
Disney's Meet the Robinsons,GC,Action,Disney Interactive Studios,21,6.5,9,7.1,40000,2007,15,4,330000
Vikings: Wolves of Midgard,PS4,Action,Kalypso Media,14,6.6,73,6.5,40000,2017,165,3,80000
Devil May Cry HD Collection,XOne,Action,Capcom,32,7.7,177,8.2,40000,2018,11,2,250000
Resident Evil 5,XOne,Action,Capcom,91,8.3,895,7.3,40000,2016,11,4,8740000
Aegis of Earth: Protonovus Assault,PS4,Action,Aksys Games,11,5.7,12,6.5,40000,2016,64,3,110000
Dead Head Fred,PSP,Action,D3 Publisher,30,7.5,36,7.9,40000,2007,34,1,40000
Aragami,PS4,Action,Maximum Games,30,7.1,78,6.6,40000,2016,141,1,40000
The Da Vinci Code,XB,Action,2K Games,43,5.4,19,7.6,40000,2006,24,2,180000
For Honor,PC,Action,Ubisoft,62,7.8,1260,6.0,40000,2017,4,3,2660000
Saints Row 2,PC,Action,THQ,75,8.1,356,8.3,40000,2009,5,3,4790000
Headhunter: Redemption,PS2,Action,Sega,29,6.2,7,7.7,40000,2004,9,2,60000
Dead Rising 2,XOne,Action,Capcom,76,7.9,301,7.1,40000,2016,11,4,2970000
Astro Boy: The Video Game,PSP,Action,D3 Publisher,17,4.8,4,4.0,40000,2009,34,4,360000
Toukiden 2,PS3,Action,Tecmo Koei,46,7.7,104,7.5,40000,2016,40,3,340000
Tom Clancy's HAWX,PC,Action,Ubisoft,64,7.3,24,7.3,40000,2009,4,3,1180000
Warriors Orochi 3,XOne,Action,Tecmo Koei,18,6.4,36,7.6,40000,2014,40,7,1160000
Sine Mora EX,XOne,Action,THQ Nordic,18,8.1,26,7.0,40000,2017,125,3,140000
Minority Report: Everybody Runs,GBA,Action,Activision,26,5.0,13,6.3,40000,2002,1,4,650000
Axiom Verge,PS4,Action,Thomas Happ Games,61,8.4,238,7.8,40000,2015,349,3,220000
Yonder: The Cloud Catcher Chronicles,PS4,Action,CokeM Interactive,39,6.4,59,7.6,40000,2017,233,2,70000
Grand Theft Auto: Vice City,PC,Action,Rockstar Games,62,9.5,2278,8.7,40000,2003,7,2,16189999
The Sum of All Fears,GBA,Action,Ubisoft,19,7.2,16,6.9,40000,2002,4,1,40000
Okami HD,NS,Action,Capcom,44,9.0,451,8.9,40000,2018,11,4,600000
Dragon Ball: Advanced Adventure,GBA,Action,Atari,7,7.5,44,8.5,40000,2006,16,1,40000
Past Cure,PS4,Action,Phantom 8 Studio,23,3.7,53,4.6,30000,2018,510,2,50000
Star Wars The Clone Wars: Republic Heroes,PC,Action,LucasArts,37,4.3,34,6.0,30000,2009,12,7,2720000
Samurai Warriors 2,PS3,Action,Tecmo Koei,30,5.2,19,8.6,30000,2013,40,3,720000
Yonder: The Cloud Catcher Chronicles,NS,Action,Merge Games,39,6.4,59,7.6,30000,2018,312,2,70000
Max Payne,GBA,Action,Rockstar Games,32,8.9,2338,9.0,30000,2003,7,1,30000
Buffy the Vampire Slayer: Chaos Bleeds,GC,Action,VU Games,27,7.2,22,7.1,30000,2003,37,3,330000
Jet Grind Radio,GBA,Action,THQ,22,7.4,9,7.4,30000,2003,5,1,30000
The Last Guy,PS3,Action,Sony Computer Entertainment,33,7.7,23,6.6,30000,2008,6,1,30000
This War of Mine,PS4,Action,11 bit studios,63,8.3,1190,8.2,30000,2016,547,2,40000
Troll and I,PS4,Action,Maximum Games,12,3.9,41,4.0,30000,2017,141,3,150000
Carmageddon: Max Damage,XOne,Action,Stainless Games,28,5.1,67,5.9,30000,2017,504,2,50000
Harry Potter and the Half-Blood Prince,PC,Action,Electronic Arts,38,6.4,36,4.5,30000,2009,2,7,3220000
Bully: Scholarship Edition,PC,Action,Rockstar Games,56,8.0,321,8.4,30000,2008,7,3,1620000
Utawarerumono Zan,PS4,Action,Aquaplus,12,5.9,15,4.5,30000,2018,216,1,30000
Star Wars: The Force Unleashed II,PC,Action,LucasArts,59,6.1,318,6.1,30000,2010,12,5,3980000
Curious George,XB,Action,Namco,13,5.3,4,6.5,30000,2006,19,4,460000
The Lost Child,PS4,Action,NIS America,12,6.2,12,5.0,30000,2018,50,1,30000
Planet of the Apes,GBA,Action,Ubisoft,11,4.1,10,4.1,30000,2001,4,1,30000
Transformers: Devastation,PC,Action,Activision,51,7.7,251,7.7,30000,2015,1,5,640000
Buffy the Vampire Slayer: Wrath of the Darkhul King,GBA,Action,THQ,16,4.4,7,6.7,30000,2003,5,1,30000
Yomawari: Midnight Shadows,PSV,Action,NIS America,23,7.7,31,7.2,30000,2017,50,2,90000
007: Quantum of Solace,PC,Action,Activision,69,6.5,77,6.9,30000,2008,1,2,160000
Azure Striker Gunvolt: Striker Pack,3DS,Action,Yacht Club Games,9,8.2,50,8.0,30000,2016,562,2,90000
Raw Danger!,PS2,Action,Agetec,22,6.3,23,8.2,30000,2007,66,1,30000
Prince of Persia: The Forgotten Sands,PC,Action,Ubisoft,69,7.4,138,7.4,30000,2010,4,6,2100000
Top Gun: Hard Lock,PS3,Action,505 Games,8,5.4,16,3.5,30000,2012,41,2,90000
Dance Factory,PS2,Action,Codemasters,22,5.6,4,5.8,30000,2006,30,1,30000
Super Dungeon Bros,PS4,Action,Wired Productions,11,5.3,17,2.5,30000,2016,338,1,30000
Aegis of Earth: Protonovus Assault,PS3,Action,Aksys Games,11,5.7,12,6.5,30000,2016,64,3,110000
Overlord II,PC,Action,Codemasters,60,7.5,70,7.3,30000,2009,30,3,670000
Berserk and the Band of the Hawk,PSV,Action,Tecmo Koei,53,6.6,120,7.2,30000,2016,40,2,190000
Asterix & Obelix: Kick Buttix,PS2,Action,Atari,8,5.9,21,8.4,30000,2004,16,1,30000
Code Lyoko: Quest for Infinity,PSP,Action,Game Factory,15,5.8,10,7.0,30000,2008,107,2,130000
Labyrinth of Refrain: Coven of Dusk,PS4,Action,NIS America,9,7.5,25,7.2,30000,2018,50,2,60000
Bladestorm: Nightmare,PS3,Action,Tecmo Koei,33,5.8,29,5.9,30000,2015,40,3,330000
Bounty Hounds,PSP,Action,Namco,14,6.3,7,5.1,30000,2006,19,1,30000
"Crouching Tiger, Hidden Dragon",GBA,Action,Ubisoft,26,4.8,4,7.0,30000,2005,4,3,170000
The Cursed Crusade,PC,Action,Atlus,27,3.9,35,4.5,30000,2011,32,3,350000
Akiba's Beat,PSV,Action,Xseed Games,33,5.5,41,6.8,30000,2017,59,2,110000
Labyrinth of Refrain: Coven of Dusk,PSV,Action,Nippon Ichi Software,9,7.5,25,7.2,30000,2016,178,2,60000
Battle Assault 3 featuring Gundam Seed,PS2,Action,Bandai,9,4.8,4,4.3,30000,2004,31,1,30000
Tomb Raider: Anniversary,PC,Action,Eidos Interactive,33,7.7,95,8.0,30000,2007,21,5,2340000
Attack on Titan 2,PSV,Action,Koei Tecmo,50,7.5,105,7.5,30000,2018,191,4,570000
Hello Kitty: Roller Rescue,PC,Action,Empire Interactive,14,6.4,13,8.0,30000,2005,87,2,110000
Raiden V,PS4,Action,UFO Interactive,14,7.3,18,6.2,30000,2017,111,1,30000
Hitman: Blood Money,PC,Action,Eidos Interactive,53,8.2,221,8.5,30000,2006,21,4,1060000
Onimusha: Warlords,PS4,Action-Adventure,Capcom,32,7.1,64,7.5,30000,2019,11,2,40000
Darksiders: Warmastered Edition,WiiU,Action-Adventure,THQ Nordic,24,7.7,96,7.8,30000,2017,125,3,180000
Earthfall,XOne,Action-Adventure,Gearbox Software,19,5.6,17,5.8,30000,2018,105,2,70000
Power Rangers Super Megaforce,3DS,Action-Adventure,Namco Bandai Games,7,4.3,6,3.5,30000,2014,29,1,30000
Override: Mech City Brawl,PS4,Action-Adventure,Modus Games,13,5.9,7,6.7,30000,2018,494,2,50000
Metal Gear Solid HD Collection,PSV,Action,Konami Digital Entertainment,50,8.9,558,9.0,30000,2012,33,6,3180000
CT Special Forces,GBA,Action,Hip Interactive,14,7.1,15,7.8,30000,2004,207,1,30000
The Raven Remastered,XOne,Adventure,THQ Nordic,10,7.2,25,5.9,30000,2018,125,2,60000
The Town of Light,PS4,Adventure,Wired Productions,23,6.7,41,6.7,30000,2017,338,3,70000
Hakuoki: Kyoto Winds,PSV,Adventure,Idea Factory,8,8.3,14,8.1,30000,2017,96,1,30000
Zero Escape: Zero Time Dilemma,PS4,Adventure,Rising Star Games,33,8.3,172,8.1,30000,2017,229,3,260000
Syberia II,XB,Adventure,XS Games,23,8.0,267,8.3,30000,2004,128,2,50000
Secret Files 2: Puritas Cordis,Wii,Adventure,Deep Silver,14,6.4,32,6.9,30000,2009,43,3,80000
In Cold Blood,PS,Adventure,DreamCatcher Interactive,13,6.7,11,7.9,30000,2001,120,1,30000
The Town of Light,NS,Adventure,Wired Productions,23,6.7,41,6.7,30000,2018,338,3,70000
Syberia,PC,Adventure,The Adventure Company,26,8.2,408,8.4,30000,2002,219,4,280000
Jack Keane,PC,Adventure,Strategy First,25,6.9,20,6.4,30000,2008,301,1,30000
Don't Knock Twice,PS4,Adventure,Perpetual,7,5.6,15,5.9,30000,2018,466,1,30000
Adventure Time: Pirates of the Enchiridion,NS,Adventure,Outright Games,13,6.2,42,6.3,30000,2018,230,3,90000
The Inner World,PC,Adventure,Headup Games,18,7.2,67,7.9,30000,2013,583,1,30000
Steins;Gate 0,PS3,Adventure,5pb,20,8.1,114,8.5,30000,2015,144,3,250000
The Raven Remastered,PS4,Adventure,THQ Nordic,10,7.2,25,5.9,30000,2018,125,2,60000
Arthur and the Invisibles,DS,Adventure,Atari,22,6.6,8,7.8,30000,2007,16,2,30000
Black Mirror,XOne,Adventure,THQ Nordic,21,5.4,49,5.2,30000,2017,125,2,80000
Agony,PS4,Action-Adventure,Maximum Games,36,4.7,297,4.4,30000,2018,141,2,50000
Justice League Heroes: The Flash,GBA,Action,Warner Bros. Interactive,8,7.2,7,8.6,30000,2006,22,1,30000
Troll and I,XOne,Action,Maximum Games,12,3.9,41,4.0,20000,2017,141,3,150000
Past Cure,XOne,Action,Phantom 8 Studio,23,3.7,53,4.6,20000,2018,510,2,50000
Charlie's Angels,GC,Action,Ubisoft,21,2.3,29,3.3,20000,2003,4,1,20000
The Mummy,GBA,Action,Ubisoft,9,4.6,12,5.8,20000,2002,4,1,20000
Mini Ninjas,PC,Action,Eidos Interactive,44,7.3,35,8.0,20000,2009,21,5,1360000
Red Ninja: End of Honor,XB,Action,VU Games,25,4.6,10,7.1,20000,2005,37,2,60000
Mega Man Legacy Collection 2,XOne,Action,Capcom,39,7.1,36,6.8,20000,2017,11,2,120000
Disney's Meet the Robinsons,DS,Action,Disney Interactive Studios,21,6.5,9,7.1,20000,2007,15,4,330000
Spider-Man: Web of Shadows,PC,Action,Activision,57,6.8,139,8.4,20000,2008,1,6,1240000
Resident Evil: Revelations,XOne,Action,Capcom,78,8.2,665,8.2,20000,2017,11,4,1850000
Warriors Orochi 2,X360,Action,Tecmo Koei,28,4.4,14,8.0,20000,2012,40,5,870000
Tenkai Knights: Brave Battle,3DS,Action,Namco Bandai Games,10,2.6,33,2.6,20000,2014,29,1,20000
Rule of Rose,PS2,Action,Atlus,44,5.9,123,8.8,20000,2006,32,1,20000
Override: Mech City Brawl,XOne,Action-Adventure,Modus Games,13,5.9,7,6.7,20000,2018,494,2,50000
Gravity Rush Remastered,PS4,Action-Adventure,Sony Computer Entertainment Europe,62,8.0,519,8.2,20000,2016,418,2,180000
Invizimals: The Lost Kingdom,PS3,Action-Adventure,Sony Computer Entertainment,16,5.0,28,6.1,20000,2014,6,1,20000
Agony,XOne,Action-Adventure,Maximum Games,36,4.7,297,4.4,20000,2018,141,2,50000
Syberia,NS,Adventure,Microids,26,8.2,408,8.4,20000,2017,240,4,280000
L.A. Noire: The Complete Edition,PS3,Adventure,Rockstar Games,28,8.3,1428,8.0,20000,2011,7,2,40000
ABZU,XOne,Adventure,505 Games,73,7.8,612,7.5,20000,2017,41,2,60000
Chaos;Head Noah,PSP,Adventure,5pb,7,6.8,6,9.0,20000,2010,144,2,60000
Ceville,PC,Adventure,Kalypso,17,7.3,16,6.8,20000,2009,160,1,20000
Broken Sword 5: The Serpent's Curse,XOne,Adventure,Revolution Software,39,6.9,179,8.0,20000,2015,603,2,90000
Zathura,XB,Adventure,2K Games,16,4.3,5,4.8,20000,2005,24,2,140000
Overlord,PC,Adventure,Codemasters,47,7.6,65,7.9,20000,2007,30,2,420000
Agatha Christie: The ABC Murders,PC,Adventure,Microids,17,6.7,44,6.2,20000,2016,240,2,120000
Kuon,PS2,Adventure,Agetec,20,5.7,31,7.6,20000,2004,66,1,20000
Indigo Prophecy,PC,Adventure,Atari,51,8.4,82,8.0,20000,2005,16,3,270000
Dragon's Lair,DS,Adventure,Destineer,18,4.1,19,5.9,20000,2010,73,1,20000
Back to the Future: The Game,X360,Adventure,Telltale Games,7,6.6,14,4.8,20000,2015,83,6,360000
Adventure Time: Pirates of the Enchiridion,PS4,Adventure,Outright Games,13,6.2,42,6.3,20000,2018,230,3,90000
Back to the Future: The Game,XOne,Adventure,Telltale Games,7,6.6,14,4.8,20000,2015,83,6,360000
Still Life 2,PC,Adventure,Encore,15,6.7,57,5.7,20000,2009,298,1,20000
L.A. Noire: The Complete Edition,X360,Adventure,Rockstar Games,28,8.3,1428,8.0,20000,2011,7,2,40000
Broken Sword: The Sleeping Dragon,XB,Adventure,The Adventure Company,32,8.2,116,7.1,20000,2003,219,2,20000
The Testament of Sherlock Holmes,X360,Adventure,Focus Home Interactive,24,6.4,42,8.0,20000,2012,70,2,260000
Uru: Ages Beyond Myst,PC,Adventure,Ubisoft,22,7.9,21,7.0,20000,2003,4,1,20000
The Book of Unwritten Tales 2,WiiU,Adventure,Nordic Games,39,8.0,92,7.7,20000,2016,104,3,90000
A Vampyre Story,PC,Adventure,The Adventure Company,33,7.5,13,7.7,20000,2008,219,1,20000
Syberia II,PC,Adventure,The Adventure Company,23,8.0,267,8.3,20000,2004,219,2,50000
Post Mortem,PC,Adventure,The Adventure Company,25,7.1,39,7.4,20000,2003,219,1,20000
Fortnite,PC,Action,Epic Games,18,7.8,2491,4.8,20000,2017,589,3,1680000
Dark Void,PC,Action,Capcom,69,5.9,52,5.2,20000,2010,11,3,680000
88 Heroes: 98 Heroes Edition,NS,Action,Rising Star Games,11,6.5,8,6.4,20000,2017,229,1,20000
Just Cause,PS2,Action,Eidos Interactive,57,7.3,60,6.4,20000,2006,21,4,180000
Yoku's Island Express,XOne,Action,Villa Gorilla,30,8.3,63,7.6,20000,2018,536,3,40000
Tom Clancy's Splinter Cell Classic Trilogy HD,PSN,Action,Ubisoft,21,6.7,40,7.1,20000,2011,4,1,20000
Final Fight: Streetwise,XB,Action,Capcom,36,4.3,28,7.9,20000,2006,11,2,70000
"Warhammer 40,000: Inquisitor - Martyr",XOne,Action,Neocore Games,28,6.7,139,6.6,20000,2018,539,2,40000
Tomb Raider: Legend,PC,Action,Eidos Interactive,54,8.0,150,7.9,20000,2006,21,7,1650000
Silent Hill: Book of Memories,PSV,Action,Konami Digital Entertainment,57,5.8,137,4.8,20000,2012,33,2,250000
Vikings: Wolves of Midgard,PC,Action,Kalypso Media,14,6.6,73,6.5,20000,2017,165,3,80000
Vikings: Wolves of Midgard,XOne,Action,Kalypso Media,14,6.6,73,6.5,20000,2017,165,3,80000
Just Cause,PC,Action,Eidos Interactive,57,7.3,60,6.4,20000,2006,21,4,180000
Samurai Jack: The Shadow of Aku,GC,Action,Sega,21,5.9,8,7.5,20000,2004,9,2,80000
Lost: Via Domus,PC,Action,Ubisoft,50,5.5,41,5.4,20000,2008,4,3,1100000
Battle Princess of Arcadias,PS3,Action,NIS America,22,6.9,26,7.7,20000,2014,50,1,20000
"Warhammer 40,000: Inquisitor - Martyr",PS4,Action,Neocore Games,28,6.7,139,6.6,20000,2018,539,2,40000
Quantum Break,PC,Action,THQ Nordic,112,7.7,2386,7.3,20000,2016,125,2,780000
Titan Quest,XOne,Action,THQ Nordic,51,7.7,448,7.8,20000,2018,125,3,50000
Fist of the North Star: Ken's Rage 2,WiiU,Action,Tecmo Koei,19,4.9,24,7.3,20000,2013,40,3,380000
The Lord of the Rings: Conquest,PC,Action,Electronic Arts,58,5.5,75,6.7,20000,2009,2,4,1500000
Titan Quest,PS4,Action,THQ Nordic,51,7.7,448,7.8,20000,2018,125,3,50000
Headhunter: Redemption,XB,Action,Sega,29,6.2,7,7.7,20000,2004,9,2,60000
Carmageddon: Max Damage,PS4,Action,Stainless Games,28,5.1,67,5.9,20000,2016,504,2,50000
Earth's Dawn,PS4,Action,Rising Star Games,12,6.8,15,6.9,20000,2016,229,1,20000
Legend of Kay Anniversary,WiiU,Action,Nordic Games,22,6.2,22,6.0,10000,2015,104,5,240000
Spider-Man: Friend or Foe,PC,Action,Activision,51,6.0,41,6.6,10000,2007,1,6,1460000
Aquaman: Battle for Atlantis,XB,Action,TDK Mediactive,13,2.6,11,1.5,10000,2003,75,2,20000
Grand Theft Auto III,PC,Action,Rockstar Games,56,9.7,1673,8.1,10000,2002,7,2,13110000
Blackthorne,GBA,Action,Blizzard Entertainment,10,6.7,14,7.6,10000,2003,57,1,10000
Let It Die,PS4,Action,GungHo,39,7.2,254,7.1,10000,2020,362,1,10000
This War of Mine,XOne,Action,11 bit studios,63,8.3,1190,8.2,10000,2016,547,2,40000
Deception IV: The Nightmare Princess,PSV,Action,Tecmo Koei,33,6.9,36,6.7,10000,2015,40,2,10000
Has-Been Heroes,PC,Action,GameTrust,20,5.3,133,7.2,10000,2017,279,4,270000
Warriors Orochi 3,NS,Action,Tecmo Koei,18,6.4,36,7.6,10000,2017,40,7,1160000
Transformers: Fall of Cybertron,PC,Action,Activision,52,7.9,230,8.5,10000,2012,1,3,850000
"Crouching Tiger, Hidden Dragon",XB,Action,Ubisoft,26,4.8,4,7.0,10000,2003,4,3,170000
Hi Hi Puffy AmiYumi: The Genie & the Amp,DS,Action,D3 Publisher,10,5.2,5,5.4,10000,2006,34,1,10000
Aquaman: Battle for Atlantis,GC,Action,TDK Mediactive,13,2.6,11,1.5,10000,2003,75,2,20000
Titan Quest,NS,Action,THQ Nordic,51,7.7,448,7.8,10000,2018,125,3,50000
Yoku's Island Express,NS,Action,Villa Gorilla,30,8.3,63,7.6,10000,2018,536,3,40000
Yoku's Island Express,PS4,Action,Villa Gorilla,30,8.3,63,7.6,10000,2018,536,3,40000
Axiom Verge,PSV,Action,Thomas Happ Games,61,8.4,238,7.8,10000,2015,349,3,220000
Zombie Vikings,PS4,Action,Rising Star Games,19,6.4,40,7.0,10000,2016,229,1,10000
Ultimate Spider-Man,PC,Action,Activision,53,7.7,59,8.5,10000,2005,1,6,1940000
Magus,PS3,Action,Aksys Games,8,3.2,26,4.5,10000,2014,64,1,10000
Hugo: The Evil Mirror,GBA,Action,Namco,15,5.8,5,8.0,10000,2005,19,1,10000
Painkiller: Hell & Damnation,PC,Action,Nordic Games,33,6.4,204,6.5,10000,2012,104,1,10000
Disney Universe,PC,Action,Disney Interactive Studios,31,6.6,25,6.2,10000,2011,15,4,2250000
The Escapists: The Walking Dead,PS4,Action,Team17 Software,19,6.5,12,7.6,10000,2016,285,1,10000
Garfield and His Nine Lives,GBA,Action,Game Factory,9,5.6,5,7.0,10000,2006,107,1,10000
The Mighty Quest for Epic Loot,PC,Action,Ubisoft,9,6.4,99,5.6,10000,2015,4,1,10000
Darksiders III,PC,Action,THQ Nordic,60,6.4,609,7.0,10000,2018,125,3,380000
Flipping Death,NS,Adventure,Rising Star,12,8.3,32,7.3,10000,2018,347,1,10000
The Town of Light,XOne,Adventure,THQ Nordic,23,6.7,41,6.7,10000,2017,125,3,70000
Darkened Skye,GC,Adventure,Simon & Schuster Interactive,12,6.1,6,7.5,10000,2002,192,1,10000
Apollo Justice: Ace Attorney,3DS,Adventure,Capcom,48,7.8,122,7.9,10000,2017,11,2,1000000
Harry Potter and the Chamber of Secrets,PC,Adventure,Electronic Arts,16,7.1,128,7.7,10000,2002,2,6,7640000
Alone in the Dark (2008),PC,Adventure,Atari,53,5.8,88,4.9,10000,2008,16,1,10000
Legacy of Kain: Defiance,PC,Adventure,Eidos Interactive,34,7.5,85,8.7,10000,2003,21,3,730000
Sherlock Holmes vs. Jack the Ripper,PC,Adventure,Focus Home Interactive,26,7.3,64,7.7,10000,2009,70,2,170000
The Tiny Bang Story,PC,Adventure,Unknown,12,6.3,77,7.0,10000,2011,69,1,10000
The Adventures of Tintin: The Game,PC,Adventure,Ubisoft,35,6.3,18,7.1,10000,2011,4,5,1000000
Chronicles of Mystery: The Scorpio Ritual,PC,Adventure,City Interactive,12,6.2,14,5.5,10000,2008,86,1,10000
Secret Files 2: Puritas Cordis,DS,Adventure,Deep Silver,14,6.4,32,6.9,10000,2009,43,3,80000
Harry Potter and the Goblet of Fire,PC,Adventure,Electronic Arts,29,6.8,67,5.3,10000,2005,2,7,2340000
Pirates of Black Cove,PC,Adventure,Paradox Interactive,21,5.6,33,5.8,10000,2011,199,1,10000
Heaven's Hope,PC,Adventure,EuroVideo Medien,8,7.4,12,6.8,10000,2016,600,1,10000
Curse: The Eye of Isis,XB,Adventure,DreamCatcher Interactive,19,5.9,5,5.8,10000,2003,120,1,10000
Leisure Suit Larry: Wet Dreams Don't Dry,PC,Adventure,Assemble Entertainment,18,7.2,60,7.0,10000,2018,651,1,10000
Nancy Drew: The Phantom of Venice,PC,Adventure,Her Interactive,7,6.9,15,6.8,10000,2008,553,1,10000
Dark Fall 3: Lost Souls,PC,Adventure,The Adventure Company,8,7.5,21,6.4,10000,2010,219,1,10000
Scratches,PC,Adventure,Got Game Entertainment,18,6.7,50,8.1,10000,2006,401,1,10000
Leisure Suit Larry: Box Office Bust,PC,Adventure,Codemasters,27,2.5,24,1.8,10000,2009,30,3,270000
The Spiderwick Chronicles,PC,Adventure,Sierra Entertainment,40,5.9,4,6.3,10000,2008,56,4,390000
Legend of Kay Anniversary,NS,Action-Adventure,THQ Nordic,22,6.2,22,6.0,10000,2018,125,5,240000
LEGO Batman 2: DC Super Heroes,PC,Action-Adventure,Warner Bros. Interactive Entertainment,59,7.9,296,7.7,10000,2012,14,8,6410000
Onimusha: Warlords,NS,Action-Adventure,Capcom,32,7.1,64,7.5,10000,2019,11,2,40000
Max: The Curse of Brotherhood,NS,Action-Adventure,Wired Productions,51,7.2,316,7.4,10000,2018,338,1,10000
Dillon's Dead-Heat Breakers,3DS,Action,Nintendo,29,6.9,29,7.7,0,2018,10,1,0
Just Cause,XB,Action,Eidos Interactive,57,7.3,60,6.4,0,2006,21,4,180000
Of Orcs and Men,PS3,Action,Focus Home Interactive,17,6.4,78,6.0,0,2012,70,2,0
Big Bumpin',X360,Action,King Games,16,6.3,8,5.4,0,2006,684,1,0
Harry Potter for Kinect,X360,Action-Adventure,Warner Bros. Interactive Entertainment,15,5.4,20,4.4,0,2009,14,1,0
Assassin's Creed Chronicles: China,PC,Action-Adventure,Ubisoft,45,6.9,149,5.9,0,2015,4,2,40000
Keepsake,PC,Adventure,The Adventure Company,26,6.8,15,6.4,0,2006,219,1,0
Sherlock Holmes: The Awakened,PC,Adventure,Focus Home Interactive,25,7.5,59,7.5,0,2007,70,1,0
Atlantis Evolution,PC,Adventure,The Adventure Company,17,5.4,6,3.2,0,2004,219,1,0
Beyond Good & Evil,PC,Adventure,Ubisoft,45,8.6,184,8.8,0,2003,4,4,500000
Second Sight,PC,Adventure,Codemasters,48,7.6,31,7.6,0,2005,30,4,260000
Jolly Rover,PC,Adventure,Unknown,15,7.1,28,7.4,0,2010,69,1,0
Overclocked: A History of Violence,PC,Adventure,Lighthouse Interactive,19,7.0,19,6.5,0,2008,668,1,0
Gone Home,PC,Adventure,The Fullbright Company,56,8.6,2305,5.5,0,2013,702,1,0
Runaway: The Dream of the Turtle,Wii,Adventure,Focus Home Interactive,26,6.7,61,7.9,0,2009,70,2,0
Penumbra: Overture,PC,Adventure,Got Game Entertainment,28,7.3,206,7.7,0,2007,401,1,0
Shadow of Destiny,PC,Adventure,Konami,18,7.8,29,8.3,0,2002,8,3,320000
Obscure,PC,Adventure,DreamCatcher Interactive,29,6.6,22,8.1,0,2005,120,3,110000
Runaway: The Dream of the Turtle,DS,Adventure,Focus Home Interactive,26,6.7,61,7.9,0,2007,70,2,0
Broken Sword: The Sleeping Dragon,PC,Adventure,The Adventure Company,32,8.2,116,7.1,0,2003,219,2,20000
Dead Reefs,PC,Adventure,The Adventure Company,14,5.1,5,6.2,0,2007,219,1,0
Agatha Christie: And Then There Were None,PC,Adventure,The Adventure Company,28,6.8,15,7.3,0,2005,219,2,70000
Art of Murder: FBI Confidential,PC,Adventure,City Interactive,12,5.0,21,5.2,0,2008,86,1,0
Return to Mysterious Island,PC,Adventure,The Adventure Company,19,7.9,33,8.0,0,2004,219,1,0
Arthur and the Invisibles,PSP,Adventure,Atari,22,6.6,8,7.8,0,2007,16,2,30000
The Book of Unwritten Tales 2,PC,Adventure,Nordic Games,39,8.0,92,7.7,0,2014,104,3,90000
Nancy Drew: Danger By Design,PC,Adventure,Her Interactive,11,7.0,12,6.4,0,2006,553,1,0
The Thing,PC,Adventure,VU Games,27,7.8,45,7.2,0,2002,37,3,640000
The Golden Compass,PC,Adventure,Sega,25,4.1,8,5.4,0,2007,9,7,2840000
Leisure Suit Larry: Magna Cum Laude,PC,Adventure,VU Games,49,6.2,16,5.9,0,2004,37,3,510000
Death to Spies,PC,Adventure,Atari,14,6.9,39,7.3,0,2007,16,1,0
Prince of Persia: Warrior Within,PC,Adventure,Ubisoft,55,8.3,113,8.5,0,2004,4,4,2640000
Alone in the Dark: The New Nightmare,PC,Adventure,Infogrames,16,6.6,68,7.6,0,2001,60,2,160000
Dark Fall: The Journal,PC,Adventure,The Adventure Company,23,6.8,22,7.0,0,2003,219,1,0
From Dust,PC,Adventure,Ubisoft,76,8.0,94,7.7,0,2011,4,1,0
Until Dawn,PS3,Adventure,Sony Computer Entertainment America,57,6.9,279,6.4,0,2014,52,1,0
Prince of Persia: The Sands of Time,PC,Adventure,Ubisoft,44,9.2,559,8.6,0,2003,4,5,3630000
Call of Cthulhu: Dark Corners of the Earth,PC,Adventure,2K Games,51,7.7,27,7.6,0,2006,24,2,60000
Sinking Island,PC,Adventure,Encore,8,6.8,33,6.9,0,2008,298,1,0
Still Life,PC,Adventure,The Adventure Company,29,7.0,9,7.2,0,2005,219,2,70000
Dreamfall: The Longest Journey,PC,Adventure,Aspyr,45,7.5,327,8.3,0,2006,175,2,40000
Dracula: Origin,PC,Adventure,The Adventure Company,31,7.0,16,7.0,0,2008,219,1,0
Agatha Christie: Evil Under the Sun,PC,Adventure,The Adventure Company,18,6.6,7,8.7,0,2007,219,2,90000
Nostradamus: The Last Prophecy,PC,Adventure,MC2 Entertainment,10,7.0,10,6.4,0,2007,690,1,0
Prince of Persia: The Two Thrones,PC,Adventure,Ubisoft,46,8.5,109,8.0,0,2005,4,4,1410000
Myst V: End of Ages,PC,Adventure,Ubisoft,26,8.0,40,7.2,0,2005,4,1,0
Prison Break: The Conspiracy,PC,Adventure,Deep Silver,37,4.0,24,5.1,0,2010,43,3,460000
Silent Hill 3,PC,Adventure,Konami,41,8.5,802,8.7,0,2003,8,1,0
CSI: Miami,PC,Adventure,Ubisoft,17,5.4,11,6.5,0,2004,4,1,0
The Raven: Legacy of a Master Thief,PC,Adventure,KING Art Games,36,7.4,77,6.7,0,2014,643,1,0
DreamWorks Madagascar 3: The Video Game,3DS,Adventure,D3Publisher,8,4.5,16,5.9,0,2012,146,1,0
Danganronpa 1-2 Reload,PSV,Adventure,Spike Chunsoft,29,8.3,157,8.6,0,2017,197,2,120000
Barrow Hill: Curse of the Ancient Circle,PC,Adventure,Got Game Entertainment,21,6.5,9,6.0,0,2006,401,1,0
The Lost Crown: A Ghost-hunting Adventure,PC,Adventure,Got Game Entertainment,23,7.1,19,7.7,0,2008,401,1,0
The Godfather II,PC,Adventure,Electronic Arts,72,6.5,57,7.1,0,2009,2,3,1530000
Back to the Future: The Game,PC,Adventure,Telltale Games,7,6.6,14,4.8,0,2010,83,6,360000
Sherlock Holmes: Nemesis,PC,Adventure,DreamCatcher Interactive,20,7.1,31,7.0,0,2008,120,1,0
Myst III: Exile,PC,Adventure,Ubisoft,22,8.3,56,8.1,0,2001,4,3,340000
The Suffering,PC,Action,Encore,47,7.7,55,8.1,0,2004,298,3,640000
Dino Crisis 2,PC,Action,Capcom,13,8.6,445,9.0,0,2002,11,1,0
Manhunt,PC,Action,Rockstar Games,47,7.6,230,8.3,0,2004,7,3,1470000
X-Blades,PC,Action,SouthPeak Interactive,39,5.0,15,5.1,0,2009,74,3,280000
Silent Hill: Homecoming,PC,Action,Konami,54,7.0,204,6.3,0,2008,8,3,840000
Hulk,PC,Action,Universal Interactive,28,7.1,21,6.9,0,2003,62,4,1580000
Of Orcs and Men,X360,Action,Focus Home Interactive,17,6.4,78,6.0,0,2012,70,2,0
Resident Evil 3: Nemesis,PC,Action,Capcom,19,9.1,580,9.2,0,2001,11,2,80000
The Matrix: Path of Neo,PC,Action,Atari,42,6.9,66,7.6,0,2005,16,3,800000
Velocity 2X,PSV,Action,Futurlab 1,38,8.6,338,6.9,0,2014,705,1,0
Reservoir Dogs,PC,Action,Eidos Interactive,29,5.0,8,7.3,0,2006,21,1,0
Cannon Fodder 3,PC,Action,Game Factory Interactive,10,4.9,15,5.1,0,2012,716,1,0
Tom Clancy's Splinter Cell: Chaos Theory,PC,Action,Ubisoft,70,9.4,301,8.6,0,2005,4,5,2230000
Gladiator: Sword of Vengeance,PC,Action,Acclaim Entertainment,25,6.5,6,7.5,0,2003,23,3,170000
Forgotten Realms: Demon Stone,PC,Action,Atari,40,7.1,17,7.8,0,2004,16,3,290000
Project Eden,PC,Action,Eidos Interactive,20,7.1,5,8.8,0,2001,21,2,90000
True Crime: New York City,PC,Action,Aspyr,47,6.0,65,7.2,0,2006,175,4,1210000
Tom Clancy's Splinter Cell: Double Agent,PC,Action,Ubisoft,59,8.5,146,7.7,0,2006,4,5,1230000
Chaos Legion,PC,Action,Capcom,34,6.5,45,7.2,0,2003,11,2,300000
Warriors Orochi,PC,Action,KOEI,27,5.3,19,8.0,0,2008,42,4,1270000
IL-2 Sturmovik: Battle of Stalingrad,PC,Action,1C Maddox Games,7,7.4,279,6.1,0,2014,689,1,0
True Crime: Streets of LA,PC,Action,Activision,39,7.7,23,7.5,0,2004,1,4,5210000
Hello Neighbor,PC,Action,Gearbox Software,21,3.8,402,5.3,0,2017,105,4,1010000
Cold Fear,PC,Action,Ubisoft,41,7.1,20,8.8,0,2005,4,3,170000
Marc Ecko's Getting Up: Contents Under Pressure,PC,Action,Atari,45,7.1,13,7.8,0,2006,16,2,50000
The Three Stooges,GBA,Action,Metro 3D,8,5.3,5,7.0,0,2002,308,1,0
Jazz Jackrabbit,GBA,Action,Jaleco,9,6.8,6,4.8,0,2003,95,1,0
Hitman 2: Silent Assassin,PC,Action,Eidos Interactive,23,8.4,76,7.9,0,2002,21,4,4280000
Indiana Jones and the Emperor's Tomb,PC,Action,LucasArts,43,7.3,22,8.0,0,2003,12,2,180000
War Thunder,PS4,Action,DMM Games,17,7.6,832,3.9,0,2017,721,1,0
Ratchet & Clank: Full Frontal Assault,PSV,Action,Sony Computer Entertainment,52,6.4,170,7.1,0,2012,6,2,250000
Metal Gear Solid 2: Substance,PC,Action,Konami,28,8.7,53,8.2,0,2003,8,3,1140000
Enter the Matrix,PC,Action,Atari,33,6.5,20,8.0,0,2003,16,4,4830000
Ninja Blade,PC,Action,Noviy Disk,65,6.8,44,6.3,0,2009,681,2,330000
Watch Dogs 2,PC,Action,Ubisoft,99,8.2,2284,7.6,0,2016,4,3,4710000
Gauntlet: Dark Legacy,GBA,Action,Midway Games,20,6.0,18,8.0,0,2002,20,4,1500000
Garshasp: The Monster Slayer,PC,Action,Unknown,19,4.9,67,6.0,0,2011,69,1,0
Metal Gear Online,PS3,Action,Konami Digital Entertainment,10,8.1,30,8.5,0,2008,33,1,0
Lara Croft Tomb Raider: The Angel of Darkness,PC,Action,Eidos Interactive,37,5.2,109,6.8,0,2003,21,2,1250000
Transformers: War for Cybertron,PC,Action,Activision,69,7.6,126,7.9,0,2010,1,3,1090000
Tom Clancy's Splinter Cell: Pandora Tomorrow,PC,Action,Ubisoft,74,9.3,128,8.2,0,2004,4,5,2870000
The Godfather,PC,Action,Electronic Arts,58,7.7,35,8.1,0,2006,2,2,1090000
Deception IV: The Nightmare Princess,PS4,Action,Tecmo Koei,33,6.9,36,6.7,0,2015,40,2,10000
Star Wars: The Force Unleashed - Ultimate Sith Edition,PS3,Action,LucasArts,17,6.5,275,6.5,0,2009,12,1,0
Metal Gear Solid,PSN,Action,Konami,20,9.4,2319,8.8,0,2009,8,1,0
Twin Sector,PC,Action,Headup Games,11,4.9,24,4.8,0,2010,583,1,0
Army Men Advance,GBA,Action,3DO,7,5.7,4,7.5,0,2001,68,1,0
